Water Name,County,Spieces,Quanty,Average Length,Date Stocked,Latitude,Longitude
ABERDUNK L FL,SEVIER,TIGER TROUT,103,2.68,06/24/2024,38.7333524,-111.6660725
ABES RES,SEVIER,CUTTHROAT,100,1.93,09/12/2024,38.7333524,-111.6660725
ACADEMY MILL RES,SANPETE,TIGER TROUT,3006,2.68,06/25/2024,39.2828823,-111.3711362
ADAMS RESERVOIR,DAVIS,RAINBOW,1102,9.68,03/05/2024,41.0717888,-111.933991
AMERICAN FK CR,UTAH,RAINBOW,1000,10.15,06/19/2024,40.3768954,-111.7957645
"AMERICAN FK CR, N FK",UTAH,RAINBOW,675,10.15,06/19/2024,40.3768954,-111.7957645
ANDERSON MEADOW,BEAVER,TIGER TROUT,1499,10.19,06/11/2024,38.2100813,-112.4334304
ANDREWS #1,SANPETE,BROOK TROUT,175,2.71,07/01/2024,39.3090085,-111.5706786
ANDREWS #2,SANPETE,BROOK TROUT,50,2.71,07/01/2024,39.3090085,-111.5706786
ANGEL L WR-19,DUCHESNE,MUSKIE TIGER,150,5.93,06/26/2024,40.2172448,-110.5215459
ANNABELLA RES,SEVIER,RAINBOW,402,10.24,06/04/2024,38.7091363,-112.0599249
ANTIMONY L EMW,GARFIELD,RAINBOW,100,3.56,07/23/2024,38.1169284,-111.99964
ASAY CR,GARFIELD,BROWN TROUT,6370,3.46,05/14/2024,37.8400344,-111.2845025
"ASHLEY CR, S FK",UINTAH,RAINBOW,603,11.16,07/02/2024,40.1069499,-109.3783206
ASHLEY TWIN L GR-35,UINTAH,BROOK TROUT,2097,2.93,06/26/2024,40.1069499,-109.3783206
ASPEN MIRROR L,KANE,RAINBOW,522,10.19,05/13/2024,37.5239067,-112.6740577
ATWINE L X-64,DUCHESNE,BROOK TROUT,1350,2.93,06/26/2024,40.2172448,-110.5215459
AVERETT CYN P,WASATCH,CUTTHROAT,101,7.99,08/12/2024,39.9752352,-111.0762776
BAKER L BR-45,SUMMIT,TIGER TROUT,360,2.78,07/08/2024,40.8297566,-110.9983515
BAKER RES,WASHINGTON,CRAPPIE BLACK,36921,1.85,05/14/2024,37.3224877,-113.4776098
BAKER SP,BOX ELDER,RAINBOW,500,11.63,04/11/2024,41.5380087,-113.1918021
BAR M SP,BOX ELDER,RAINBOW,500,11.63,04/11/2024,41.7950042,-112.1641058
BARKER RES NCL,GARFIELD,BROOK TROUT,499,2.62,06/25/2024,37.92161960000001,-111.8281665
"BARKER RES,LOWER NCL",GARFIELD,SPLAKE,95,2.65,06/25/2024,37.92161960000001,-111.8281665
BARNEY L,SEVIER,TIGER TROUT,1001,3.2,07/30/2024,38.7333524,-111.6660725
BARTHOLOMEW PARK POND,UTAH,RAINBOW,1500,10.0,03/19/2024,40.1490312,-111.5575229
BASTIAN RES,GARFIELD,TIGER TROUT,1509,2.68,06/25/2024,37.8400344,-111.2845025
BEAR L,RICH,CUTTHROAT,101384,7.12,04/30/2024,42.0299239,-111.3321974
BEAR L G-7,SUMMIT,BROOK TROUT,2003,2.91,06/28/2024,40.8297566,-110.9983515
BEAR R,SUMMIT,RAINBOW,120,10.14,07/02/2024,40.8297566,-110.9983515
BEAVER CR,SUMMIT,RAINBOW,202,11.16,06/20/2024,40.8297566,-110.9983515
BEAVER DAMS NBS,WAYNE,BROOK TROUT,195,2.62,06/24/2024,38.3337024,-110.8076084
BEAVER L A-17,SUMMIT,BROOK TROUT,265,2.9,07/03/2024,40.8297566,-110.9983515
BEAVER L BR-10,SUMMIT,RAINBOW,1029,12.74,06/30/2024,40.8297566,-110.9983515
BEAVER R,BEAVER,RAINBOW,504,10.91,03/20/2024,38.2769149,-112.6410518
BECKY L WR-77,DUCHESNE,BROOK TROUT,166,2.93,06/26/2024,40.2172448,-110.5215459
BEDGROUND L Z-46,DUCHESNE,GRAYLING ARCTIC,299,2.47,09/23/2024,40.2172448,-110.5215459
BEE TREE,SANPETE,BROOK TROUT,200,2.71,07/01/2024,39.3090085,-111.5706786
BENCHS POND,SANPETE,RAINBOW,999,10.44,05/30/2024,39.654276,-111.294881
BERT L GR-62,UINTAH,GRAYLING ARCTIC,276,2.47,09/23/2024,40.1069499,-109.3783206
BESS L BTN,GARFIELD,BROOK TROUT,246,2.63,06/24/2024,37.8400344,-111.2845025
BETH L A-6,SUMMIT,BROOK TROUT,296,2.9,07/03/2024,40.8297566,-110.9983515
BIG DOG L X-32,DUCHESNE,GRAYLING ARCTIC,299,2.47,09/23/2024,40.2172448,-110.5215459
BIG ELK RES A-18,SUMMIT,TIGER TROUT,650,2.78,07/08/2024,40.8297566,-110.9983515
"BIG HOLLOW, UPPER",GARFIELD,TIGER TROUT,515,8.88,05/23/2024,37.6002348,-112.4187321
BIG L,SEVIER,RAINBOW,2730,11.5,05/29/2024,38.7333524,-111.6660725
BIG L BTS,GARFIELD,BROOK TROUT,205,2.63,06/24/2024,37.8400344,-111.2845025
BIG SANDWASH RES,DUCHESNE,RAINBOW,2226,9.4,05/10/2024,40.2677363,-110.068484
BIRCH CR RES,RICH,RAINBOW,538,10.52,06/10/2024,41.5629707,-111.1891151
BLACK DESERT POND,WASHINGTON,CHUB,412,4.02,03/21/2024,37.1615353,-113.6461819
BLACKSMITH FK,CACHE,RAINBOW,500,12.0,06/07/2024,41.7560026,-111.7614661
BLANCHE L,SALT LAKE,BROOK TROUT,912,2.92,07/01/2024,40.7764134,-111.8670978
BLANDING RES NO 3,SAN JUAN,RAINBOW,1534,9.83,03/18/2024,37.5981513,-109.4366159
BLANDING RES NO 4,SAN JUAN,RAINBOW,2015,9.83,03/18/2024,37.6311481,-109.4530781
BLIND L NBS,WAYNE,KOKANEE,7925,3.2,06/05/2024,38.3337024,-110.8076084
BLUE L,SANPETE,TIGER TROUT,494,2.68,06/25/2024,39.3090085,-111.5706786
BLUE L A-5,SUMMIT,BROOK TROUT,398,2.9,07/03/2024,40.8297566,-110.9983515
BLUE L DF-1,UINTAH,BROOK TROUT,699,2.93,06/26/2024,40.1069499,-109.3783206
BLUE L NCL,GARFIELD,TIGER TROUT,59,3.38,08/07/2024,37.8400344,-111.2845025
BLUE RIBBON #1,SANPETE,BROOK TROUT,125,2.71,07/01/2024,39.3090085,-111.5706786
BLUE RIBBON #2,SANPETE,BROOK TROUT,100,2.71,07/01/2024,39.3090085,-111.5706786
BLYTHE L Z-20,DUCHESNE,BROOK TROUT,398,2.9,07/02/2024,40.2172448,-110.5215459
BOBS HOLE NBS,WAYNE,TIGER TROUT,53,2.68,06/24/2024,38.2310925,-111.4699006
BONNIE L Z-6,DUCHESNE,BROOK TROUT,602,2.9,07/02/2024,40.2172448,-110.5215459
BOOKER L A-35,SUMMIT,BROOK TROUT,398,2.9,07/03/2024,40.8297566,-110.9983515
BOULGER POND,SANPETE,RAINBOW,999,10.44,05/30/2024,39.3090085,-111.5706786
BOUNTIFUL POND,DAVIS,RAINBOW,400,20.05,01/23/2024,40.9069693,-111.9251597
BOURBON L BR-1,SUMMIT,BROOK TROUT,500,2.9,07/02/2024,40.8297566,-110.9983515
"BOWNS RES, LOWER",GARFIELD,RAINBOW,8015,3.91,05/30/2024,37.8400344,-111.2845025
"BOX CR RES, LOWER",PIUTE,RAINBOW,1066,11.46,05/07/2024,38.3997408,-112.1430215
"BOX CR RES, UPPER",PIUTE,RAINBOW,2633,11.46,05/08/2024,38.3997408,-112.1430215
BOX RES,UTAH,RAINBOW,305,10.6,06/03/2024,40.0966287,-111.5706786
BR-43,SUMMIT,TIGER TROUT,197,2.78,07/08/2024,40.8297566,-110.9983515
BR-44,SUMMIT,TIGER TROUT,348,2.78,07/08/2024,40.8297566,-110.9983515
BR-50,SUMMIT,BROOK TROUT,347,2.9,07/02/2024,40.8297566,-110.9983515
BRAD'S SECRET,SANPETE,BROOK TROUT,125,2.71,07/01/2024,39.3090085,-111.5706786
BRIAN HEAD POND,IRON,RAINBOW,1000,9.95,05/21/2024,37.6927551,-112.8507766
BRIDGER L G-20,SUMMIT,RAINBOW,1800,10.77,05/29/2024,40.8297566,-110.9983515
BROOK L A-20,SUMMIT,BROOK TROUT,71,2.9,07/03/2024,40.8297566,-110.9983515
BROOKSIDE POND,WEBER,SUNFISH BLUEGILL,504,3.38,10/03/2024,41.2602635,-111.9522491
BROUGH RES,UINTAH,WIPER,21000,0.32,06/12/2024,40.1069499,-109.3783206
BROWNE L,DAGGETT,RAINBOW,1301,9.73,06/11/2024,40.9053845,-109.5211063
BROWNS DRAW RES,DUCHESNE,RAINBOW,14969,3.57,05/15/2024,40.2977304,-110.5962698
BRUSH CR,UINTAH,CUTTHROAT,2000,5.71,06/03/2024,40.1069499,-109.3783206
BUCKEYE L A-3,SUMMIT,BROOK TROUT,173,2.9,07/03/2024,40.8297566,-110.9983515
BUD L Z-2,DUCHESNE,BROOK TROUT,561,2.9,07/02/2024,40.2172448,-110.5215459
"BULBERRY L, SOUTH",WAYNE,BROOK TROUT,107,2.96,07/15/2024,38.2651163,-111.4606366
BULLBERRY L#4(NORTH),WAYNE,TIGER TROUT,61,2.91,07/15/2024,38.3337024,-110.8076084
BULLOCK RES,UINTAH,MUSKIE TIGER,467,2.0,04/16/2024,40.1069499,-109.3783206
BUNKER CR,IRON,CUTTHROAT,4500,1.85,09/23/2024,37.7854715,-113.1918021
BURRASTON PONDS,JUAB,RAINBOW,200,17.1,02/29/2024,39.7963208,-111.8659878
BUTTERFLY L Z-1,DUCHESNE,RAINBOW,299,12.25,06/19/2024,40.2172448,-110.5215459
CALDER RES,UINTAH,GRASS CARP STERILE,90,10.0,05/16/2024,40.1069499,-109.3783206
CAMP KOSTOPAULUS,SALT LAKE,RAINBOW,399,9.55,05/07/2024,40.7644488,-111.780398
CANYON VIEW PARK PD,UTAH,RAINBOW,430,9.52,03/11/2024,40.0825933,-111.6008991
CARBON CNTY P,CARBON,RAINBOW,253,10.44,04/09/2024,39.6479807,-110.6168921
CAROL L W-51,SUMMIT,BROOK TROUT,265,2.9,07/02/2024,40.8297566,-110.9983515
CART CR,DAGGETT,RAINBOW,199,9.84,06/11/2024,40.9053845,-109.5211063
CARTER CR,DAGGETT,BROOK TROUT,3794,5.29,09/10/2024,40.9053845,-109.5211063
"CARTER CR, E FK",DAGGETT,CUTTHROAT,200,5.6,07/01/2024,40.9053845,-109.5211063
"CARTER CR, W FK",DAGGETT,CUTTHROAT,400,5.6,07/01/2024,40.9053845,-109.5211063
CASPERS POND,CACHE,RAINBOW,1000,12.1,05/29/2024,41.9482417,-111.8310021
CASTLE L D-14,DUCHESNE,CUTTHROAT,196,1.48,09/23/2024,40.2172448,-110.5215459
CASTLE L G-11,SUMMIT,TIGER TROUT,603,2.78,07/08/2024,40.8297566,-110.9983515
CATHERINE L,SALT LAKE,BROOK TROUT,1199,2.92,07/01/2024,40.7764134,-111.8670978
CAUSEY RES,WEBER,LAKE TROUT,7379,3.19,05/14/2024,41.3021813,-111.5863291
CHAIN L NO 4 U-4,DUCHESNE,CUTTHROAT,681,1.85,09/23/2024,40.2172448,-110.5215459
CHALK CR,MILLARD,RAINBOW,142,10.47,05/20/2024,39.0611744,-113.1918021
CHARITY L P-16,SUMMIT,BROOK TROUT,204,2.9,07/03/2024,40.8297566,-110.9983515
CHINA L G-21,SUMMIT,BROOK TROUT,3885,2.91,06/28/2024,40.8297566,-110.9983515
CHUCK L BTN,GARFIELD,BROOK TROUT,96,2.63,06/24/2024,37.8400344,-111.2845025
CISCO WASH,GRAND,CHUB,1182,10.72,04/22/2024,39.0029482,-109.3892142
CLEAR L NBS,WAYNE,TIGER TROUT,61,2.91,07/15/2024,38.3337024,-110.8076084
CLEGG L A-47,SUMMIT,BROOK TROUT,255,2.9,07/03/2024,40.8297566,-110.9983515
CLEVELAND RES,EMERY,RAINBOW,999,10.44,05/30/2024,39.3488582,-110.8515521
CLINTON POND,DAVIS,RAINBOW,301,10.18,02/26/2024,41.1506649,-112.0793081
COLD SPRING L,SEVIER,RAINBOW,500,9.95,06/10/2024,38.7333524,-111.6660725
COLD SPRING LAKES,BOX ELDER,RAINBOW,500,11.31,04/01/2024,41.6298523,-112.0813573
COLEMAN RES NBS,WAYNE,RAINBOW,154,8.67,07/15/2024,38.3337024,-110.8076084
COMMUNITY L,SANPETE,RAINBOW,500,10.14,05/14/2024,39.3090085,-111.5706786
CONTINENT L X-121,DUCHESNE,CUTTHROAT,2695,1.48,09/23/2024,40.3683223,-110.0296331
COOK L BT,WAYNE,BROOK TROUT,499,2.62,06/24/2024,38.3337024,-110.8076084
CORN CR,MILLARD,RAINBOW,146,10.47,05/20/2024,38.7923092,-112.4250012
CORNER BEAVER #1,SANPETE,BROOK TROUT,125,2.71,07/01/2024,39.3090085,-111.5706786
CORNER BEAVER #2,SANPETE,BROOK TROUT,125,2.71,07/01/2024,39.3090085,-111.5706786
COTTONWOOD RES,UINTAH,MUSKIE TIGER,1248,2.0,04/16/2024,40.3538232,-109.7874439
COVE L,SANPETE,TIGER TROUT,1001,4.45,08/05/2024,39.3090085,-111.5706786
COVE POND,SALT LAKE,RAINBOW,238,14.33,02/27/2024,40.4937326,-112.0564863
CRATER L BTS,GARFIELD,BROOK TROUT,205,2.63,06/24/2024,37.8400344,-111.2845025
CRATER L X-94,DUCHESNE,SPLAKE,706,2.94,07/09/2024,40.2172448,-110.5215459
CRESCENT L BTS,GARFIELD,TIGER TROUT,52,2.68,06/24/2024,37.8400344,-111.2845025
CROUSE RES,UINTAH,RAINBOW,2267,3.49,05/15/2024,40.1069499,-109.3783206
CRYSTAL L A-51,SUMMIT,BROOK TROUT,1000,2.9,07/03/2024,40.8297566,-110.9983515
CUB L BT,WAYNE,BROOK TROUT,55,2.63,06/24/2024,38.3337024,-110.8076084
CUBERANT NO 1 W-42,SUMMIT,BROOK TROUT,398,2.9,07/02/2024,40.8297566,-110.9983515
CURRANT CR,WASATCH,RAINBOW,498,10.08,06/21/2024,40.3828509,-111.1567501
CURRANT CR RES,WASATCH,RAINBOW,3570,10.6,05/22/2024,40.3629418,-110.9983515
CUTTHROAT L BR-37,SUMMIT,BROOK TROUT,398,2.9,07/02/2024,40.8297566,-110.9983515
D-19,DUCHESNE,BROOK TROUT,41,2.9,07/02/2024,40.2172448,-110.5215459
DALE L Z-39,DUCHESNE,BROOK TROUT,1469,2.91,06/28/2024,40.2172448,-110.5215459
DARK CYN L,SAN JUAN,RAINBOW,1000,9.95,06/11/2024,37.4634157,-109.7591675
DAYNES L Z-38,DUCHESNE,BROOK TROUT,2003,2.91,06/28/2024,40.2172448,-110.5215459
DEAD L BTS,GARFIELD,BROOK TROUT,96,2.63,06/24/2024,37.8400344,-111.2845025
DEAD L WR-29,UINTAH,GRAYLING ARCTIC,299,2.47,09/23/2024,40.1069499,-109.3783206
DEADMAN L GR-38,UINTAH,BROOK TROUT,1042,2.93,06/26/2024,40.1069499,-109.3783206
DEAN L W-35,SUMMIT,GRAYLING ARCTIC,448,2.47,09/25/2024,40.8297566,-110.9983515
DEAN L Z-40,DUCHESNE,BROOK TROUT,1603,2.91,06/28/2024,40.1652442,-110.4262936
DEEP CR L TLM,WAYNE,BROOK TROUT,205,2.63,06/25/2024,38.3337024,-110.8076084
DEEP L,SEVIER,RAINBOW,1461,10.24,06/04/2024,38.7333524,-111.6660725
DEER CR,SAN JUAN,CUTTHROAT,498,2.79,08/08/2024,37.4634157,-109.7591675
DEER CR L EBS,GARFIELD,BROOK TROUT,998,2.63,06/25/2024,38.0129517,-111.3769629
DEER CR RES,WASATCH,RAINBOW,18956,3.3,03/06/2024,40.44528,-111.4961523
DEER VALLEY LAKES,SUMMIT,RAINBOW,598,10.32,05/06/2024,40.6241981,-111.4909355
DELONG CR,IRON,CUTTHROAT,4500,1.85,09/23/2024,37.7854715,-113.1918021
DENISE L WR-9,DUCHESNE,BROOK TROUT,249,2.93,06/26/2024,40.2172448,-110.5215459
DIAMOND FK R,UTAH,BROWN TROUT,15015,3.33,05/09/2024,40.2262583,-111.6607527
DIAMOND L A-22,SUMMIT,BROOK TROUT,296,2.9,07/03/2024,40.8297566,-110.9983515
DMAD RES,MILLARD,WALLEYE,119000,0.41,04/09/2024,39.0611744,-113.1918021
DONKEY L NBS,WAYNE,MUSKIE TIGER,100,5.39,06/12/2024,38.3337024,-110.8076084
DONS L,GRAND,RAINBOW,1038,10.47,05/20/2024,39.0857902,-109.7591675
DOUGHERTY BASIN NCL,GARFIELD,CUTTHROAT,1000,1.69,09/26/2024,37.92193049999999,-111.8365763
DRY WASH RES,SAN JUAN,RAINBOW,1290,10.47,05/13/2024,37.4634157,-109.7591675
DUCHESNE R,DUCHESNE,RAINBOW,400,10.12,06/26/2024,40.1632913,-110.4029329
"DUCHESNE R, N FK",DUCHESNE,RAINBOW,1000,10.12,06/26/2024,40.1632913,-110.4029329
DUCK CR,KANE,RAINBOW,245,10.41,05/24/2024,37.293251,-112.4291464
DUCK CR SPRINGS,KANE,RAINBOW,653,10.19,05/13/2024,37.293251,-112.4291464
DUCK FK RES,SANPETE,CUTTHROAT,1288,7.8,08/22/2024,39.3090085,-111.5706786
DWAIN'S POND NBS,WAYNE,BROOK TROUT,52,2.89,07/15/2024,38.3337024,-110.8076084
EAST CYN RES,MORGAN,RAINBOW,5000,10.92,04/18/2024,40.9077889,-111.5900555
EAST L BTS,GARFIELD,BROOK TROUT,249,2.62,06/24/2024,37.8400344,-111.2845025
EAST PARK RES,UINTAH,RAINBOW,1741,11.93,05/31/2024,40.7782914,-109.5456962
EAST PARLEY'S,SANPETE,BROOK TROUT,301,2.71,07/01/2024,39.3090085,-111.5706786
ECHO RES,SUMMIT,RAINBOW,4251,13.19,04/29/2024,40.9471489,-111.4067217
ELBOW L WR-58,DUCHESNE,BROOK TROUT,2606,2.93,06/26/2024,40.2172448,-110.5215459
ELECTRIC L,EMERY,TIGER TROUT,10065,4.27,07/30/2024,39.0738385,-110.7122465
EMERALD L,SANPETE,RAINBOW,999,9.41,07/16/2024,39.3090085,-111.5706786
EMERALD L D-20,DUCHESNE,BROOK TROUT,41,2.9,07/02/2024,40.2172448,-110.5215459
EMERY (LARSON) RES,SANPETE,TIGER TROUT,2511,2.68,06/25/2024,39.3090085,-111.5706786
"ENTERPRISE RES,LOWER",WASHINGTON,RAINBOW,3375,9.95,03/12/2024,37.5735867,-113.7191329
"ENTERPRISE RES,UPPER",WASHINGTON,RAINBOW,13000,5.71,03/04/2024,37.5189985,-113.8659097
EVERMAN L Z-36,DUCHESNE,BROOK TROUT,796,2.9,07/03/2024,40.2172448,-110.5215459
FAIRMONT PARK SLC,SALT LAKE,RAINBOW,500,10.0,03/19/2024,40.7200621,-111.8653145
FAIRVIEW L,SANPETE,RAINBOW,1680,10.6,06/03/2024,39.626351,-111.4396325
FAITH L A-16,SUMMIT,BROOK TROUT,102,2.9,07/03/2024,40.8297566,-110.9983515
FARMINGTON CITY RES,DAVIS,RAINBOW,300,17.1,03/18/2024,40.9804999,-111.8874392
FARNSWORTH L,SEVIER,RAINBOW,1008,10.09,06/24/2024,38.7748408,-111.6540431
FARRALS POND TLM,SEVIER,TIGER TROUT,52,2.89,07/22/2024,38.5467357,-111.45684
FERRON RES,SANPETE,RAINBOW,1000,10.77,07/02/2024,39.3090085,-111.5706786
FISH CR L NBS,WAYNE,TIGER TROUT,1002,2.68,06/24/2024,38.3337024,-110.8076084
FISH L,SEVIER,RAINBOW,2376,11.86,05/02/2024,38.7333524,-111.6660725
FIVE POINT L X-106,DUCHESNE,CUTTHROAT,3456,1.85,09/23/2024,40.2172448,-110.5215459
FLAMING GORGE RES,DAGGETT,RAINBOW,5492,9.13,04/14/2024,40.988033,-109.72244
FLAT L NCL,GARFIELD,BROOK TROUT,97,2.62,06/25/2024,37.8400344,-111.2845025
FLOATING ISLAND TLM,SEVIER,TIGER TROUT,155,2.89,07/22/2024,38.7333524,-111.6660725
FLORENCE L,SALT LAKE,BROOK TROUT,504,2.92,07/01/2024,40.6861119,-111.856901
FOREBAY POND,IRON,RAINBOW,540,10.08,05/01/2024,37.7854715,-113.1918021
FORSYTH RES,SEVIER,TIGER TROUT,3311,3.2,06/26/2024,38.7333524,-111.6660725
FOY L,SAN JUAN,RAINBOW,1625,9.95,05/22/2024,37.9058842,-109.5039596
FREMONT R,WAYNE,BROWN TROUT,1999,2.59,04/17/2024,38.4574783,-111.6196278
FT BUENAVENTURA P,WEBER,RAINBOW,500,10.0,03/13/2024,41.2204023,-111.9882658
G- 13,SUMMIT,BROOK TROUT,801,2.91,06/28/2024,40.8297566,-110.9983515
G- 52,SUMMIT,BROOK TROUT,304,2.91,06/28/2024,40.8297566,-110.9983515
G- 56,SUMMIT,BROOK TROUT,146,2.91,06/28/2024,40.8297566,-110.9983515
G- 60,SUMMIT,TIGER TROUT,255,2.78,07/08/2024,40.8297566,-110.9983515
G- 61,SUMMIT,BROOK TROUT,401,2.91,06/28/2024,40.8297566,-110.9983515
G- 64,SUMMIT,TIGER TROUT,336,2.78,07/08/2024,40.8297566,-110.9983515
G- 68,SUMMIT,BROOK TROUT,408,2.9,07/09/2024,40.8297566,-110.9983515
G- 71,SUMMIT,BROOK TROUT,306,2.9,07/09/2024,40.8297566,-110.9983515
G- 74,SUMMIT,BROOK TROUT,296,2.9,07/09/2024,40.8297566,-110.9983515
GARDEN CITY HERITAGE COM,RICH,WIPER,300,8.55,05/23/2024,41.946878,-111.3935397
GARKANE EAST FK,GARFIELD,TIGER TROUT,398,9.62,06/19/2024,37.6582022,-112.432529
"GARKANE IMP, MAIN FK",GARFIELD,RAINBOW,529,10.24,04/17/2024,37.6582022,-112.432529
GATES L,SEVIER,RAINBOW,804,10.09,06/24/2024,38.7333524,-111.6660725
GEM L Z-18,DUCHESNE,BROOK TROUT,204,2.9,07/03/2024,40.2172448,-110.5215459
GHOST POND,UINTAH,TIGER TROUT,124,5.64,09/26/2024,40.1069499,-109.3783206
GIGLIOTTI POND,CARBON,RAINBOW,1016,10.86,05/02/2024,39.7024304,-110.8660472
GLASSMANS POND,WEBER,RAINBOW,201,9.55,03/25/2024,41.1799124,-111.9516442
GLENWOOD POND,SEVIER,RAINBOW,150,9.95,03/11/2024,38.7633008,-111.9902025
GOOD SKI LAKE (21ST PO),WEBER,RAINBOW,1000,10.0,03/12/2024,41.2305765,-111.9942156
GOOSEBERRY RES,SANPETE,RAINBOW,1302,10.6,06/04/2024,39.3090085,-111.5706786
GR-104,DAGGETT,GRAYLING ARCTIC,299,2.47,09/23/2024,40.9053845,-109.5211063
GR-152,SUMMIT,BROOK TROUT,497,2.93,06/26/2024,40.8297566,-110.9983515
GR-160,SUMMIT,BROOK TROUT,255,2.91,06/28/2024,40.8297566,-110.9983515
GR-161,SUMMIT,GRAYLING ARCTIC,199,2.47,09/25/2024,40.8297566,-110.9983515
GR-163,SUMMIT,GRAYLING ARCTIC,299,2.47,09/25/2024,40.8297566,-110.9983515
GR-164,SUMMIT,GRAYLING ARCTIC,299,2.47,09/25/2024,40.8297566,-110.9983515
GR-172,SUMMIT,GRAYLING ARCTIC,148,2.47,09/25/2024,40.8297566,-110.9983515
GR-173,SUMMIT,BROOK TROUT,401,2.91,06/28/2024,40.8297566,-110.9983515
GRANTSVILLE RES,TOOELE,RAINBOW,1248,10.14,03/20/2024,40.5436691,-112.5027439
GRASS L SB,GARFIELD,BROOK TROUT,152,2.62,06/25/2024,37.8400344,-111.2845025
GRASS L TLM,WAYNE,BROOK TROUT,109,2.84,07/22/2024,38.3337024,-110.8076084
GRASSY LAKE RES,SANPETE,RAINBOW,500,10.77,06/18/2024,39.322213,-111.331261
GREEN L EBS,GARFIELD,BROOK TROUT,152,2.62,06/25/2024,37.8400344,-111.2845025
GREEN L NBS,WAYNE,BROOK TROUT,506,2.63,06/24/2024,38.3337024,-110.8076084
GREEN R,DAGGETT,RAINBOW,2354,9.75,07/03/2024,40.9053845,-109.5211063
GUNNISON BEND RES,MILLARD,WALLEYE,86000,0.41,04/09/2024,39.3493634,-112.6153953
HACKING L GR-40,UINTAH,TIGER TROUT,251,3.62,07/06/2024,40.3836721,-109.6013143
HALF MOON L BTS,GARFIELD,BROOK TROUT,499,2.62,06/24/2024,37.8400344,-111.2845025
HAMILTON RES,SEVIER,TIGER TROUT,103,3.45,08/12/2024,38.7333524,-111.6660725
HAYDEN FK,SUMMIT,RAINBOW,264,10.14,07/02/2024,40.8297566,-110.9983515
"HEART L, NORTH NB",WAYNE,TIGER TROUT,61,2.91,07/15/2024,38.3337024,-110.8076084
"HEART L, SOUTH NBS",WAYNE,TIGER TROUT,61,2.91,07/15/2024,38.3337024,-110.8076084
HENDRICKSON L,IRON,BROOK TROUT,998,2.63,06/25/2024,37.7854715,-113.1918021
HIDDEN L,GRAND,RAINBOW,1038,10.47,05/20/2024,39.0857902,-109.7591675
HIDDEN L A-15,SUMMIT,BROOK TROUT,796,2.9,07/03/2024,40.8297566,-110.9983515
HIGHLAND GLEN PARK P,UTAH,RAINBOW,204,11.86,02/21/2024,40.4149174,-111.7822301
HINKINS POND,EMERY,RAINBOW,499,10.86,05/02/2024,39.0738385,-110.7122465
HOBBS RESERVOIR,DAVIS,RAINBOW,900,9.48,05/01/2024,41.1017748,-111.9190863
HOLMES CR RES,DAVIS,RAINBOW,1000,10.17,02/27/2024,40.9628845,-112.0953297
HOOP L,SUMMIT,RAINBOW,2240,12.13,05/28/2024,40.8297566,-110.9983515
HORSESHOE L BTS,GARFIELD,TIGER TROUT,52,2.68,06/24/2024,37.8400344,-111.2845025
HUNTINGTON NORTH RES,EMERY,RAINBOW,1507,10.44,04/09/2024,39.3266354,-110.9646113
HUNTINGTON RES,SANPETE,WIPER,9990,2.04,07/17/2024,39.3090085,-111.5706786
HYRUM RES,CACHE,RAINBOW,4000,11.58,04/17/2024,41.61908469999999,-111.858349
Harrisville City Pond,WEBER,RAINBOW,800,9.52,03/27/2024,41.2813323,-111.9882754
INDIAN CR,WASATCH,CUTTHROAT,25500,3.23,09/25/2024,40.0783958,-111.2089982
INDIAN CR RES,BEAVER,RAINBOW,1012,10.24,05/13/2024,38.4317192,-112.5561488
IRON MINE L D-33,WASATCH,TIGER TROUT,544,9.21,06/19/2024,40.3629418,-110.9983515
JACKS L A-13,SUMMIT,BROOK TROUT,122,2.9,07/03/2024,40.8297566,-110.9983515
JACKSON FLAT RES.,KANE,RAINBOW,23161,2.16,04/23/2024,37.0072567,-112.5164909
JAMES L A-31,SUMMIT,BROOK TROUT,204,2.9,07/03/2024,40.8297566,-110.9983515
JEAN L W-58,SUMMIT,GRAYLING ARCTIC,148,2.47,09/25/2024,40.8297566,-110.9983515
JENSEN NATURE PARK POND,DAVIS,BROOK TROUT,320,15.21,01/22/2024,41.0664944,-112.0528306
JERRY L W-28,SUMMIT,BROOK TROUT,398,2.9,07/02/2024,40.8297566,-110.9983515
JESSON L GR-1,SUMMIT,TIGER TROUT,634,3.64,06/26/2024,40.8297566,-110.9983515
JEWKES-VAN BUREN L,SANPETE,TIGER TROUT,988,4.27,07/31/2024,39.3090085,-111.5706786
JOAN L Z-19,DUCHESNE,BROOK TROUT,500,2.9,07/03/2024,40.2172448,-110.5215459
JOE LAY L NCL,GARFIELD,BROOK TROUT,194,2.62,06/25/2024,37.8400344,-111.2845025
JOES VALLEY RES,EMERY,MUSKIE TIGER,25307,2.95,04/24/2024,39.30867689999999,-111.2723104
JOHN L A-30,SUMMIT,BROOK TROUT,296,2.9,07/03/2024,40.8297566,-110.9983515
JOHNSON RES,SEVIER,MUSKIE TIGER,1168,3.19,05/13/2024,38.7333524,-111.6660725
JORDAN L Z-35,DUCHESNE,BROOK TROUT,1795,2.9,07/03/2024,40.2172448,-110.5215459
JORDAN R,SALT LAKE,CHANNEL CATFISH,200,13.57,09/05/2024,40.7716951,-111.8580791
JORDANELLE RES,WASATCH,RAINBOW,1089,12.37,04/29/2024,40.6215005,-111.409391
KATY L WR-34,DUCHESNE,CUTTHROAT,898,1.48,09/23/2024,40.2172448,-110.5215459
KAYSVILLE STAKE POND,DAVIS,RAINBOW,200,20.05,01/23/2024,41.0352216,-111.9385521
KENS L,SAN JUAN,RAINBOW,3250,9.95,03/11/2024,37.4634157,-109.7591675
"KENTS L, LOWER",BEAVER,TIGER TROUT,126,3.76,07/09/2024,38.3266376,-113.287085
"KENTS L, MIDDLE",BEAVER,RAINBOW,1001,7.7,05/23/2024,38.3266376,-113.287085
"KENTS L, UPPER",BEAVER,TIGER TROUT,510,2.91,07/16/2024,38.3266376,-113.287085
KIDNEY L X-35,DUCHESNE,CUTTHROAT,17962,1.85,09/23/2024,40.2187571,-110.3272537
KIDNEY POND,SALT LAKE,RAINBOW,126,16.67,01/23/2024,40.5461114,-111.9167108
KNIGHT IDEAL POND,CARBON,RAINBOW,357,10.86,05/02/2024,39.5382441,-110.7185733
KOLOB RES,WASHINGTON,RAINBOW,3752,9.52,06/13/2024,37.3224877,-113.4776098
KOOSHAREM RES,SEVIER,CUTTHROAT,5555,8.22,03/18/2024,38.5102559,-111.8813011
LA SAL CR,SAN JUAN,CUTTHROAT,1502,2.41,08/08/2024,38.2987099,-109.2749551
LABARON RES,BEAVER,BROOK TROUT,1034,2.89,07/16/2024,38.3266376,-113.287085
LAKE CANYON L,DUCHESNE,CUTTHROAT,501,5.44,06/02/2024,40.0633032,-110.6168322
LAKE FK R,DUCHESNE,RAINBOW,400,10.08,06/21/2024,40.2172448,-110.5215459
LAKETOWN RES,RICH,RAINBOW,1000,11.39,04/23/2024,41.8254935,-111.3224256
LAMBERT L LF-21,DUCHESNE,BROOK TROUT,699,2.93,06/26/2024,40.2172448,-110.5215459
LAMBERT MEADOW L A-2,SUMMIT,BROOK TROUT,153,2.9,07/03/2024,40.62050120000001,-110.9932253
LARVAE L WR-12,DUCHESNE,BROOK TROUT,403,2.93,06/26/2024,40.2172448,-110.5215459
LECONTE L Z-33,DUCHESNE,CUTTHROAT,1404,1.48,09/23/2024,40.2172448,-110.5215459
LEDGE L BTS,GARFIELD,BROOK TROUT,194,2.62,06/24/2024,37.8400344,-111.2845025
LEDGE L X-113,DUCHESNE,CUTTHROAT,310,1.48,09/23/2024,40.2172448,-110.5215459
LEIGH HILL RES,IRON,RAINBOW,1107,10.55,02/28/2024,37.7854715,-113.1918021
LF-43,DUCHESNE,BROOK TROUT,249,2.93,06/26/2024,40.2172448,-110.5215459
LILLIAN L A-43,SUMMIT,BROOK TROUT,204,2.9,07/03/2024,40.8297566,-110.9983515
LILLY L A-58,SUMMIT,RAINBOW,299,12.25,06/19/2024,40.8297566,-110.9983515
LILY L BR-11,SUMMIT,RAINBOW,1075,10.52,06/05/2024,40.8297566,-110.9983515
LILY L LOWER A-25,SUMMIT,BROOK TROUT,153,2.9,07/03/2024,40.8297566,-110.9983515
"LILY PAD,LOWER DG-26",DUCHESNE,BROOK TROUT,450,2.93,06/26/2024,40.2172448,-110.5215459
"LILY PAD,UPPER DG-25",DUCHESNE,BROOK TROUT,1102,2.93,06/26/2024,40.2172448,-110.5215459
LITTLE ANTIMONY EMW,GARFIELD,TIGER TROUT,52,2.89,07/23/2024,38.1169284,-111.99964
LITTLE BLUE,SANPETE,BROOK TROUT,100,2.71,07/01/2024,39.3090085,-111.5706786
LITTLE BRUSH CR,UINTAH,RAINBOW,366,9.84,06/11/2024,40.7092698,-109.5004095
LITTLE CR RES,RICH,RAINBOW,3802,9.87,04/23/2024,41.5629707,-111.1891151
LITTLE DEER CR L D47,WASATCH,BROOK TROUT,296,2.9,07/09/2024,40.4303836,-111.5526227
LITTLE DELL RES,SALT LAKE,CUTTHROAT,10298,7.25,06/11/2024,40.773,-111.6935
LITTLE DOG L X-33,DUCHESNE,BROOK TROUT,699,2.93,06/26/2024,40.2172448,-110.5215459
LITTLE MONTES RES,UINTAH,RAINBOW,250,17.1,04/10/2024,40.1069499,-109.3783206
LITTLE RES,BEAVER,BROWN TROUT,273,2.59,04/18/2024,38.3266376,-113.287085
LITTLE SCOUT L EB,GARFIELD,BROOK TROUT,205,2.63,06/24/2024,37.8400344,-111.2845025
LLOYDS L,SAN JUAN,RAINBOW,3900,9.95,04/04/2024,37.4634157,-109.7591675
LOG POND #1,SANPETE,BROOK TROUT,125,2.71,07/01/2024,39.3090085,-111.5706786
LOGAN R,CACHE,RAINBOW,900,11.99,06/06/2024,41.7369803,-111.8338359
LONG PARK RES,DAGGETT,RAINBOW,100,12.25,06/07/2024,40.9047931,-109.8807465
LONG WILLOW BOTTOMS,GARFIELD,CUTTHROAT,500,1.69,09/26/2024,37.908,-111.846
LOST CR RES,MORGAN,RAINBOW,4500,12.6,04/30/2024,41.0576176,-111.6183755
LOST CREEK RESERVOIR,SEVIER,TIGER TROUT,5000,2.25,04/24/2024,38.707774,-111.6981189
LOST L A-59,SUMMIT,RAINBOW,1156,12.25,06/17/2024,40.8297566,-110.9983515
LOST L Z-29,DUCHESNE,BROOK TROUT,1506,2.91,06/28/2024,40.2172448,-110.5215459
LOST L(GOVERNMNT)NBS,WAYNE,BROOK TROUT,305,2.62,06/24/2024,38.3337024,-110.8076084
LOUDER RANGER STA,IRON,TIGER TROUT,103,9.0,07/01/2024,37.7854715,-113.1918021
LOVENIA L W-23,SUMMIT,BROOK TROUT,296,2.9,07/02/2024,40.8297566,-110.9983515
LOWER WPA,SANPETE,BROOK TROUT,301,2.71,07/01/2024,39.3090085,-111.5706786
"LYMAN L, LOWER G-25",SUMMIT,RAINBOW,822,9.91,06/04/2024,40.8297566,-110.9983515
"LYMAN L, UPPER G-27",SUMMIT,RAINBOW,771,9.91,06/04/2024,40.8297566,-110.9983515
MABA L Z-8,DUCHESNE,BROOK TROUT,296,2.9,07/02/2024,40.2172448,-110.5215459
MAMMOTH CR,GARFIELD,BROWN TROUT,3185,3.46,05/14/2024,37.5418953,-112.6455221
MANILA CREEK PARK POND,UTAH,RAINBOW,470,9.75,02/21/2024,40.3986763,-111.7514051
MANNING MEADOW RES,PIUTE,CUTTHROAT,14040,1.64,09/16/2024,38.4949781,-112.0635282
MANTI CR,SANPETE,CUTTHROAT,12000,1.93,09/17/2024,39.2682951,-111.6368627
MANTUA RES,BOX ELDER,RAINBOW,5000,11.58,04/16/2024,41.4957692,-111.9438329
MAPLE GROVE SPRINGS,MILLARD,RAINBOW,200,9.95,03/27/2024,39.0386008,-112.0582504
MAPLE L,UTAH,MUSKIE TIGER,200,3.1,05/13/2024,40.0966287,-111.5706786
MARSH L G-19,SUMMIT,RAINBOW,3800,10.77,05/29/2024,40.8297566,-110.9983515
MARY L,SALT LAKE,BROOK TROUT,5001,2.92,07/01/2024,40.644188,-111.9522491
MARYS L,SANPETE,RAINBOW,795,9.41,07/17/2024,39.3090085,-111.5706786
MATT WARNER RES,UINTAH,RAINBOW,11878,3.52,05/15/2024,40.7632929,-109.2973545
MAY DAY POND,GARFIELD,TIGER TROUT,1509,2.68,06/25/2024,37.8400344,-111.2845025
MAYBEY POND,DAVIS,RAINBOW,199,10.18,02/26/2024,41.1089883,-112.0167612
MAYOR'S POND,BOX ELDER,RAINBOW,401,9.52,03/26/2024,41.5036899,-111.9986393
MCCLELLAN RES,UTAH,RAINBOW,1197,10.6,06/03/2024,40.0966287,-111.5706786
MCGATH LAKE GT,GARFIELD,BROOK TROUT,1996,2.62,06/25/2024,38.0001889,-111.5699333
MEADOW CRK P,WEBER,BROOK TROUT,302,15.21,01/22/2024,41.1776305,-111.9343762
MEDICINE L,SAN JUAN,RAINBOW,1025,9.95,06/11/2024,37.4634157,-109.7591675
MEEKS L TLM,SEVIER,RAINBOW,766,3.99,06/03/2024,38.7333524,-111.6660725
MERCHANT VALLEY RES,BEAVER,BROWN TROUT,206,5.2,07/08/2024,38.3266376,-113.287085
MIDAS POND,SALT LAKE,RAINBOW,126,16.67,01/23/2024,40.547086,-111.9165711
MILL CR,GRAND,BROWN TROUT,4000,2.59,04/16/2024,38.5604142,-109.5288151
MILL HOLLOW RES,WASATCH,RAINBOW,1501,10.24,06/17/2024,40.4905057,-111.1063991
MILL MEADOW RES,SEVIER,RAINBOW,2289,10.24,04/08/2024,38.5086499,-111.566207
MILLER L BTN,WAYNE,TIGER TROUT,311,9.55,06/26/2024,38.3337024,-110.8076084
MILLERS FLAT RES,SANPETE,RAINBOW,20375,3.13,07/11/2024,39.5406897,-111.2472414
MILLRACE PARK POND,SALT LAKE,RAINBOW,374,9.52,03/11/2024,40.65516160000001,-111.9231385
MILLSITE RES,EMERY,RAINBOW,3475,9.95,04/01/2024,39.1014397,-111.1965671
MINERSVILLE RES,BEAVER,TIGER TROUT,4460,2.19,04/15/2024,38.2141363,-112.9235621
MIRROR L Z-3,DUCHESNE,RAINBOW,748,12.25,06/19/2024,40.2172448,-110.5215459
MOCASSIN L WR-53,DUCHESNE,CUTTHROAT,599,1.48,09/23/2024,40.2172448,-110.5215459
MONROE POND,SEVIER,RAINBOW,519,11.5,03/25/2024,38.61098,-112.1082976
MONTICELLO L,SAN JUAN,RAINBOW,1000,9.95,05/22/2024,37.8713829,-109.3428948
MOON L,DUCHESNE,RAINBOW,2134,12.09,05/27/2024,40.2172448,-110.5215459
MOOSE POND,DAGGETT,RAINBOW,699,9.36,05/24/2024,40.9053845,-109.5211063
MOOSEHORN L Z-4,DUCHESNE,RAINBOW,360,11.16,06/25/2024,40.6952827,-110.8936634
MOOSMAN L EBS,GARFIELD,MUSKIE TIGER,50,5.39,06/12/2024,37.8400344,-111.2845025
MORRELL POND TLM,SEVIER,RAINBOW,760,3.99,06/03/2024,38.54706950000001,-111.4370907
MOSS L NBS,WAYNE,TIGER TROUT,61,2.91,07/15/2024,38.3337024,-110.8076084
MT PLEASANT POND,SANPETE,RAINBOW,504,10.14,04/08/2024,39.5469073,-111.4554659
MUD L X-66,DUCHESNE,BROOK TROUT,379,2.93,06/26/2024,40.2172448,-110.5215459
NAVAJO L,KANE,TIGER TROUT,2418,9.07,05/31/2024,37.293251,-112.4291464
NEFFS RES TLM,WAYNE,BROOK TROUT,195,2.62,06/25/2024,38.4466449,-111.4974019
NEW CANYON CR,SANPETE,CUTTHROAT,6000,1.93,09/17/2024,39.3608704,-111.4976046
NEW CANYON RES,SANPETE,TIGER TROUT,375,10.46,06/25/2024,39.3627566,-111.4607526
NEWCASTLE RES,IRON,CRAPPIE BLACK,1041,8.36,05/13/2024,37.6672286,-113.5491639
NEWTON RES,CACHE,MUSKIE TIGER,5000,2.12,04/17/2024,41.8627046,-111.9907837
NINE MILE RES,SANPETE,RAINBOW,1008,10.14,04/08/2024,39.1742427,-111.7092978
NORTH CR,GARFIELD,CUTTHROAT,197,5.76,07/17/2024,37.8400344,-111.2845025
NORTH POND,WASHINGTON,BROWN TROUT,100,4.89,09/26/2024,37.3224877,-113.4776098
NOTCH L W-36,SUMMIT,BROOK TROUT,1499,2.9,07/02/2024,40.8297566,-110.9983515
OAK CR,MILLARD,RAINBOW,142,10.47,05/20/2024,39.6746837,-111.4343549
OAKS PARK RES,UINTAH,BROOK TROUT,4000,3.2,06/08/2024,40.7432905,-109.620699
OGDEN L WR-5,DUCHESNE,CUTTHROAT,1002,1.48,09/23/2024,40.2172448,-110.5215459
OGDEN R,WEBER,RAINBOW,1050,11.63,04/10/2024,41.223,-111.9738304
OLD FORT POND NORTH,UINTAH,RAINBOW,502,8.81,04/22/2024,40.1069499,-109.3783206
OLD FORT POND SOUTH,UINTAH,GRASS CARP STERILE,5,10.0,05/16/2024,40.1069499,-109.3783206
ONE FISH L GR-32,DAGGETT,BROOK TROUT,201,2.93,06/26/2024,40.9053845,-109.5211063
OOWAH L,GRAND,RAINBOW,2000,9.95,06/04/2024,38.5007963,-109.2736745
OSTLER L BR-27,SUMMIT,TIGER TROUT,1404,2.78,07/08/2024,40.8297566,-110.9983515
OTTER CR,PIUTE,BROWN TROUT,5225,3.03,04/23/2024,38.1664001,-112.0185738
OTTER CR RES,PIUTE,RAINBOW,75583,1.98,03/07/2024,38.1664001,-112.0185738
P-11,SUMMIT,BROOK TROUT,51,2.9,07/03/2024,40.8297566,-110.9983515
PACER L EMW,GARFIELD,TIGER TROUT,105,2.68,06/25/2024,37.8400344,-111.2845025
PACKARD L Z-15,DUCHESNE,BROOK TROUT,898,2.9,07/03/2024,40.2172448,-110.5215459
PALISADE RES,SANPETE,RAINBOW,999,10.14,03/21/2024,39.3090085,-111.5706786
PANGUITCH CR,GARFIELD,RAINBOW,503,10.57,07/01/2024,37.82275509999999,-112.4357638
PANGUITCH L,GARFIELD,CUTTHROAT,4715,8.72,04/24/2024,37.82275509999999,-112.4357638
PARADISE RES,UINTAH,RAINBOW,100,13.52,06/05/2024,40.1069499,-109.3783206
PARAGONAH RES,IRON,TIGER TROUT,2002,8.13,07/10/2024,37.8858079,-112.7752206
PAROWAN POND,IRON,RAINBOW,751,10.55,02/29/2024,37.844157,-112.8369996
PASS L Z-5,DUCHESNE,RAINBOW,299,12.25,06/19/2024,40.2172448,-110.5215459
PAYSON RES(BIG EAST),UTAH,RAINBOW,1496,10.44,05/28/2024,40.0435822,-111.7323853
PEAR L NBS,WAYNE,BROOK TROUT,506,2.63,06/24/2024,38.3337024,-110.8076084
PEARL L WR-45,UINTAH,CUTTHROAT,299,1.48,09/23/2024,40.1867357,-109.3306636
PELICAN L,UINTAH,MUSKIE TIGER,8970,2.0,04/16/2024,40.1069499,-109.3783206
PETES HOLE,SANPETE,RAINBOW,250,10.77,06/18/2024,39.2920876,-111.3869727
PETIT L A-26,SUMMIT,BROOK TROUT,133,2.9,07/03/2024,40.8297566,-110.9983515
PINE CR,WAYNE,BROWN TROUT,3000,2.59,04/17/2024,38.3337024,-110.8076084
PINE CR RES BTN,WAYNE,TIGER TROUT,52,2.68,06/24/2024,38.3337024,-110.8076084
PINE ISLAND L X-8,DUCHESNE,BROOK TROUT,8378,2.91,06/28/2024,40.2172448,-110.5215459
PINE L,GARFIELD,RAINBOW,3120,10.09,04/25/2024,37.8400344,-111.2845025
PINE VALLEY RES,WASHINGTON,TIGER TROUT,1038,8.67,05/14/2024,37.3911899,-113.5137821
PINEVIEW RES,WEBER,MUSKIE TIGER,13000,2.12,04/17/2024,41.2689768,-111.8002195
PIONEER PARK P,BOX ELDER,RAINBOW,500,10.0,03/28/2024,41.512225,-112.026751
PITTSBURGH L,UTAH,BROOK TROUT,996,2.92,07/01/2024,40.0966287,-111.5706786
PIUTE RES,PIUTE,RAINBOW,13584,3.49,03/01/2024,38.3997408,-112.1430215
PLEASANT CR L-BTS,GARFIELD,BROOK TROUT,96,2.63,06/24/2024,37.8400344,-111.2845025
POLE CANYON PARK POND,UTAH,RAINBOW,506,10.44,03/27/2024,40.2917498,-112.0893682
POLE CR L,DUCHESNE,TIGER TROUT,495,3.64,06/26/2024,40.2172448,-110.5215459
POND AT POULTER PRESERVE,WEBER,SUNFISH BLUEGILL,5070,3.38,10/03/2024,41.2602635,-111.9522491
PORCUPINE L,IRON,BROOK TROUT,59,2.96,07/16/2024,37.7854715,-113.1918021
PORCUPINE L LF-22,DUCHESNE,CUTTHROAT,299,1.48,09/23/2024,40.2172448,-110.5215459
PORCUPINE RES,CACHE,RAINBOW,675,12.6,05/08/2024,41.7560026,-111.7614661
POSEY L,GARFIELD,RAINBOW,639,7.88,06/19/2024,37.8003323,-111.5977352
POT L A-8,SUMMIT,BROOK TROUT,398,2.9,07/03/2024,40.8297566,-110.9983515
POTTERS NO 1,EMERY,RAINBOW,998,10.6,06/05/2024,39.0738385,-110.7122465
POTTERS NO 2,EMERY,RAINBOW,998,10.6,06/05/2024,39.0738385,-110.7122465
PRICE R,UTAH,BROWN TROUT,13001,2.57,06/10/2024,39.6823473945892,-110.8985193005118
PRICE R(LWR FISH CR),CARBON,BROWN TROUT,16002,2.54,06/10/2024,39.6448343,-110.9848813
PRIORD L BR-48,SUMMIT,TIGER TROUT,1195,2.78,07/08/2024,40.8297566,-110.9983515
PROVO DELTA COMM FISHERY,UTAH,SUCKER,1664,3.38,10/03/2024,40.2420087,-111.7205001
PROVO R,SUMMIT,RAINBOW,270,11.16,07/01/2024,40.46164558839497,-111.3322189422266
PUFFER L,BEAVER,RAINBOW,3312,10.24,06/19/2024,38.3266376,-113.287085
PURPLE L GT,GARFIELD,BROOK TROUT,205,2.63,06/24/2024,37.8400344,-111.2845025
QUAIL CR RES,WASHINGTON,RAINBOW,11183,10.24,10/30/2024,37.3224877,-113.4776098
QUARTER CORNER LG103,SUMMIT,RAINBOW,900,10.77,05/30/2024,40.8297566,-110.9983515
R C NO 1 LAKE WR-2,DUCHESNE,CUTTHROAT,599,1.48,09/23/2024,40.2172448,-110.5215459
RAFT L BTN,WAYNE,BROOK TROUT,396,2.63,06/24/2024,38.3337024,-110.8076084
RAINBOW L U-33,DUCHESNE,TIGER TROUT,698,3.64,06/26/2024,40.2172448,-110.5215459
RAINBOW RES,TOOELE,RAINBOW,801,9.83,05/03/2024,40.507092,-113.0011989
RAMONA L A-38,SUMMIT,BROOK TROUT,469,2.9,07/03/2024,40.8297566,-110.9983515
RANGER L FL,SEVIER,BROOK TROUT,356,3.25,08/12/2024,38.7333524,-111.6660725
RAZOR RIDGE P,WASHINGTON,RAINBOW,250,10.21,01/03/2024,37.1579806,-113.4392092
RED BUTTE RES,SALT LAKE,CUTTHROAT,101,7.25,06/11/2024,40.7785855,-111.8095351
RED CASTLE L G-15,SUMMIT,TIGER TROUT,5603,2.78,07/08/2024,40.8005004,-110.4615507
"RED CASTLE,EAST G-17",SUMMIT,TIGER TROUT,696,2.78,07/08/2024,40.8005004,-110.4615507
"RED CASTLE,LOWER G12",SUMMIT,BROOK TROUT,2203,2.9,07/09/2024,40.8005004,-110.4615507
"RED CASTLE,UPPER G16",SUMMIT,TIGER TROUT,847,2.78,07/08/2024,40.8005004,-110.4615507
RED CR,DUCHESNE,CUTTHROAT,1714,4.47,04/21/2024,40.2172448,-110.5215459
RED CR RES,DUCHESNE,TIGER TROUT,5000,3.17,05/29/2024,40.2172448,-110.5215459
RED FLEET RES,UINTAH,WALLEYE,28500,0.41,04/11/2024,40.5788912,-109.4273987
RED L GR-33,DAGGETT,MUSKIE TIGER,210,5.93,06/26/2024,40.9053845,-109.5211063
REX RES,SEVIER,RAINBOW,4032,2.8,07/02/2024,38.7333524,-111.6660725
RICHES POND,SANPETE,BROOK TROUT,125,2.71,07/01/2024,39.3090085,-111.5706786
RIDGE L BTN,GARFIELD,BROOK TROUT,55,2.63,06/24/2024,37.8400344,-111.2845025
RIM L BTS,GARFIELD,BROOK TROUT,305,2.62,06/24/2024,37.8400344,-111.2845025
RIVERFRONT POND,SALT LAKE,RAINBOW,126,16.67,01/23/2024,40.5451418,-111.9171096
RIVERTON POND,SALT LAKE,RAINBOW,500,9.75,02/21/2024,40.5017277,-111.969762
ROAD POND,SANPETE,BROOK TROUT,50,2.71,07/01/2024,39.3090085,-111.5706786
ROB RES EMW,GARFIELD,CUTTHROAT,291,1.9,09/26/2024,37.8400344,-111.2845025
ROBB L WR-1,DUCHESNE,BROOK TROUT,320,2.93,06/26/2024,40.2172448,-110.5215459
ROCK CR,DUCHESNE,TIGER TROUT,268,3.26,06/07/2024,40.3897894,-110.5159601
"ROCK CR, S FK",DUCHESNE,BROOK TROUT,931,4.85,08/19/2024,40.3897894,-110.5159601
ROCKPORT RES,SUMMIT,RAINBOW,2063,12.6,04/29/2024,40.7743392,-111.4007597
ROOSEVELT COMM POND,UINTAH,RAINBOW,100,5.71,06/01/2024,40.1069499,-109.3783206
ROUND L NBS,WAYNE,BROOK TROUT,998,2.63,06/24/2024,38.3337024,-110.8076084
ROUND L TLM,WAYNE,RAINBOW,762,3.99,06/03/2024,38.3337024,-110.8076084
ROUND WILLOW BOTTOM,GARFIELD,CUTTHROAT,500,1.69,09/26/2024,37.9066522,-111.8924114
ROW L 3 GT,GARFIELD,TIGER TROUT,153,9.66,06/24/2024,37.8400344,-111.2845025
ROW L 7-BANANA-GT,GARFIELD,TIGER TROUT,350,9.66,06/24/2024,37.8400344,-111.2845025
ROW L 8 GT,GARFIELD,TIGER TROUT,250,9.66,06/24/2024,37.8400344,-111.2845025
RUTH L BR-40,SUMMIT,BROOK TROUT,500,2.9,07/02/2024,40.8297566,-110.9983515
SALEM POND,UTAH,BROOK TROUT,327,15.21,01/22/2024,40.0512796,-111.6763373
SALINA CITY POND,SEVIER,RAINBOW,550,9.95,03/27/2024,38.9577407,-111.859925
SALINA RES,SEVIER,RAINBOW,1000,9.95,06/10/2024,38.9577407,-111.859925
"SALINA TWIN, EAST",SEVIER,TIGER TROUT,103,3.45,08/12/2024,38.9577407,-111.859925
"SALINA TWIN, WEST",SEVIER,BROOK TROUT,104,3.37,08/12/2024,38.9577407,-111.859925
SALT CR,JUAB,RAINBOW,1001,9.87,03/18/2024,39.7108104,-112.7152125
SALT CREEK RES.,JUAB,RAINBOW,494,9.87,03/18/2024,39.7108104,-112.7152125
"SAND COVE RES, UPPER",WASHINGTON,RAINBOW,2500,9.8,09/30/2024,37.2836981,-113.7448748
SAND L WR-42,UINTAH,CUTTHROAT,403,1.48,09/23/2024,40.1069499,-109.3783206
SANDY COMMUNITY FISHERY,SALT LAKE,RAINBOW,499,9.52,03/11/2024,40.5709475,-111.8953784
SCOFIELD RES,CARBON,MUSKIE TIGER,3667,2.74,05/09/2024,39.777489,-111.1503649
SCOUT L,IRON,TIGER TROUT,754,8.99,06/10/2024,37.7854715,-113.1918021
SCOUT L Z-12,DUCHESNE,RAINBOW,810,11.16,06/25/2024,40.2172448,-110.5215459
SETTLEMENT CYN RES,TOOELE,RAINBOW,1992,10.14,04/04/2024,40.51716649999999,-112.3024468
SEVIER R,GARFIELD,BROWN TROUT,20384,3.46,05/14/2024,38.1006758,-112.0124171
"SEVIER R, E FK",PIUTE,RAINBOW,723,11.32,03/26/2024,38.3997408,-112.1430215
SHADOW L A-52,SUMMIT,BROOK TROUT,704,2.9,07/03/2024,40.8297566,-110.9983515
SHALER L Z-34,DUCHESNE,CUTTHROAT,1301,1.48,09/23/2024,40.2172448,-110.5215459
SHEEP CR,DAGGETT,RAINBOW,373,10.36,06/25/2024,40.9053845,-109.5211063
SHEEP CR L,DAGGETT,CUTTHROAT,4009,4.6,06/20/2024,40.9053845,-109.5211063
"SHINGLE CR,EAST A-39",SUMMIT,TIGER TROUT,255,2.78,07/08/2024,40.8297566,-110.9983515
"SHINGLE CR,WEST P-60",SUMMIT,BROOK TROUT,255,2.9,07/03/2024,40.8297566,-110.9983515
SHINGLE MILL RES,SANPETE,RAINBOW,1200,10.77,07/09/2024,39.096004,-111.5149702
SHORT L,GARFIELD,CUTTHROAT,300,1.69,09/26/2024,37.8400344,-111.2845025
SILENT VIGIL,SANPETE,BROOK TROUT,50,2.71,07/01/2024,39.3090085,-111.5706786
SILVER L,UTAH,BROOK TROUT,1295,2.92,07/01/2024,40.0966287,-111.5706786
SILVER L FLAT RES,UTAH,RAINBOW,1999,10.22,06/18/2024,40.0966287,-111.5706786
SILVER L-BRIGHTON,SALT LAKE,RAINBOW,1498,9.76,06/18/2024,40.60384,-111.5821429
SIX MILE CR,SANPETE,CUTTHROAT,7960,1.93,09/16/2024,39.1964517,-111.5630413
SIX MILE POND,SANPETE,BROOK TROUT,351,2.71,07/01/2024,39.1507161,-111.5722182
SKUTUMPA RES,SEVIER,RAINBOW,409,10.47,05/15/2024,38.7333524,-111.6660725
SKYLERS POND,CACHE,RAINBOW,100,17.1,04/18/2024,41.7193628,-111.8508327
SKYLINE P,WASHINGTON,RAINBOW,448,10.41,01/02/2024,37.3224877,-113.4776098
SMITH FAMILY PARK POND,WEBER,RAINBOW,799,11.16,02/21/2024,41.33198549999999,-112.0379439
SMITH-MOREHOUSE RES,SUMMIT,RAINBOW,2520,12.13,05/23/2024,40.7658315,-111.1086417
SMITHFIELD CR,CACHE,RAINBOW,500,12.1,05/31/2024,41.8382622,-111.8327229
SMITHS FK PASS L G14,SUMMIT,TIGER TROUT,696,2.78,07/08/2024,40.8297566,-110.9983515
SNOW L,SANPETE,RAINBOW,1000,10.96,08/05/2024,39.3090085,-111.5706786
SOLITAIRE L NBS,WAYNE,CUTTHROAT,500,1.68,09/26/2024,38.3337024,-110.8076084
SOUP BOWL RES,SANPETE,RAINBOW,500,10.77,06/18/2024,39.3090085,-111.5706786
SOUTH EDEN RESERVOIR,RICH,TIGER TROUT,396,11.16,10/16/2024,41.9171597,-111.220477
SPANISH FK R,UTAH,BROWN TROUT,1960,5.73,07/17/2024,40.114955,-111.654923
SPANISH OAKS P,UTAH,RAINBOW,1001,10.28,03/06/2024,40.0749077,-111.6022129
SPECTACLE L A-44,SUMMIT,BROOK TROUT,326,2.9,07/03/2024,40.8297566,-110.9983515
SPECTACLE L BTS,GARFIELD,BROOK TROUT,347,2.62,06/24/2024,37.8400344,-111.2845025
SPINNERS RES,SANPETE,RAINBOW,1500,10.77,07/02/2024,39.3090085,-111.5706786
SPIRIT L GR-3,DAGGETT,CUTTHROAT,1000,5.6,07/01/2024,40.9053845,-109.5211063
SPRING HILL P #1,SANPETE,RAINBOW,843,10.84,06/10/2024,39.3090085,-111.5706786
SPRING L,UTAH,RAINBOW,232,18.74,02/27/2024,40.0010658,-111.7463199
STAR L A-42,SUMMIT,TIGER TROUT,1404,2.78,07/08/2024,40.8297566,-110.9983515
STARVATION RES,DUCHESNE,SUCKER,1495,3.38,10/03/2024,40.1837866,-110.4768555
STATE FAIR PARK POND,SALT LAKE,CHANNEL CATFISH,1030,13.57,09/05/2024,40.7736893,-111.9231567
STATELINE RES,SUMMIT,RAINBOW,5040,12.13,05/28/2024,40.8297566,-110.9983515
STEED POND,DAVIS,RAINBOW,500,11.16,02/21/2024,41.1225775,-112.043945
STEEL CR,SUMMIT,CUTTHROAT,214,5.58,07/17/2024,40.8297566,-110.9983515
STEINAKER RES,UINTAH,TIGER TROUT,1501,2.19,04/15/2024,40.5161047,-109.5344945
STILLWATER FK,SUMMIT,RAINBOW,240,10.14,07/02/2024,40.8297566,-110.9983515
STODDARD SLOUGH,MORGAN,RAINBOW,502,10.24,05/14/2024,41.0632776,-111.7093785
STONE L FL,SEVIER,BROOK TROUT,96,2.63,06/24/2024,38.7333524,-111.6660725
STRATTON P,WASHINGTON,RAINBOW,294,10.21,01/03/2024,37.3224877,-113.4776098
STRAWBERRY R,DUCHESNE,RAINBOW,508,9.43,06/13/2024,40.1777785,-110.6489611
"STRAWBERRY R, UPPER",WASATCH,CUTTHROAT,10854,9.17,06/24/2024,40.3629418,-110.9983515
STRAWBERRY RES,WASATCH,KOKANEE,132376,2.38,02/26/2024,40.1718288,-111.1294996
SUNSET POND,SALT LAKE,RAINBOW,249,9.52,03/18/2024,40.5357797,-111.8693414
SURVEY L RC-20,DUCHESNE,BROOK TROUT,97,2.91,06/28/2024,40.2172448,-110.5215459
SURVEYORS L BTN,GARFIELD,BROOK TROUT,246,2.63,06/24/2024,37.8400344,-111.2845025
TALL FOUR RES,GARFIELD,CUTTHROAT,105,2.9,08/21/2024,37.8400344,-111.2845025
TAMARACK L GR-2,SUMMIT,TIGER TROUT,1998,3.64,06/26/2024,40.8297566,-110.9983515
TEAL SP,BOX ELDER,RAINBOW,750,11.91,04/12/2024,41.5380087,-113.1918021
TEAPOT L A-60,SUMMIT,RAINBOW,503,12.25,06/19/2024,40.8297566,-110.9983515
THISTLE CR,UTAH,BROWN TROUT,2100,5.73,07/17/2024,39.9913448,-111.4982447
THREE CREEKS RES,BEAVER,RAINBOW,1000,9.95,06/12/2024,38.306643,-112.407692
THREE MILE CR,GARFIELD,CUTTHROAT,4500,1.85,09/23/2024,37.8653697,-112.5424374
TIBBLE FK RES,UTAH,RAINBOW,1001,9.87,04/25/2024,40.2262583,-111.6607527
TIDWELL RES,SEVIER,RAINBOW,303,3.99,06/03/2024,38.7333524,-111.6660725
TONY GROVE L,CACHE,RAINBOW,2500,12.34,07/02/2024,41.8927134,-111.6429693
TOQUER L LF-25,DUCHESNE,CUTTHROAT,444,1.48,09/23/2024,40.2172448,-110.5215459
"TOWA P, UPPER",WASHINGTON,RAINBOW,640,10.41,01/02/2024,37.3224877,-113.4776098
TOWA P. LOWER,WASHINGTON,RAINBOW,384,10.41,01/02/2024,37.3224877,-113.4776098
TOWNE RES,SANPETE,RAINBOW,990,10.44,05/28/2024,39.3090085,-111.5706786
TRIAL L A-61,SUMMIT,RAINBOW,1224,12.25,06/17/2024,40.8297566,-110.9983515
TRIDENT L A-41,SUMMIT,BROOK TROUT,102,2.9,07/03/2024,40.8297566,-110.9983515
TROPIC RES,GARFIELD,RAINBOW,3520,10.39,04/25/2024,37.6252615,-112.0821359
TULE L,GARFIELD,BROOK TROUT,152,2.62,06/25/2024,37.8400344,-111.2845025
TWELVE MILE CR,SANPETE,CUTTHROAT,6129,1.93,09/16/2024,39.1448744,-111.5369819
TWIN CREEK,SANPETE,CUTTHROAT,2000,1.93,09/17/2024,39.4825233,-111.3811496
TWIN L,SANPETE,RAINBOW,506,10.44,05/28/2024,39.3090085,-111.5706786
TWIN L X-49,DUCHESNE,CUTTHROAT,702,1.48,09/23/2024,40.2172448,-110.5215459
TWIN L X-77,DUCHESNE,GRAYLING ARCTIC,326,2.47,09/23/2024,40.2172448,-110.5215459
"TWIN L, LOWER A-33",SUMMIT,TIGER TROUT,302,2.78,07/08/2024,40.8297566,-110.9983515
"TWIN L, NORTH GR-50",UINTAH,MUSKIE TIGER,165,5.93,06/26/2024,40.1069499,-109.3783206
"TWIN L, UPPER A-32",SUMMIT,BROOK TROUT,449,2.9,07/03/2024,40.660678,-111.280806
TWOMILE CR,SAN JUAN,CUTTHROAT,1096,2.41,08/08/2024,38.4216885,-109.1503581
U M CR,SEVIER,TIGER TROUT,103,3.45,08/12/2024,38.7333524,-111.6660725
U- 22,DUCHESNE,BROOK TROUT,604,2.93,06/26/2024,40.2172448,-110.5215459
U- 75,DUCHESNE,CUTTHROAT,524,1.85,09/23/2024,40.2172448,-110.5215459
U- 91,DUCHESNE,CUTTHROAT,524,1.85,09/23/2024,40.2172448,-110.5215459
UINTA POND,DUCHESNE,BROOK TROUT,104,3.2,06/08/2024,40.2172448,-110.5215459
UINTA R,DUCHESNE,RAINBOW,1000,10.19,06/28/2024,40.2172448,-110.5215459
UPPER STILLWATER RES,DUCHESNE,BROOK TROUT,3036,4.67,08/19/2024,40.5686576,-110.7018168
UPPER WPA,SANPETE,BROOK TROUT,276,2.71,07/01/2024,39.3090085,-111.5706786
UTAH L,UTAH,SUCKER,14000,10.18,07/02/2024,40.0966287,-111.5706786
VERNON CR RES,TOOELE,RAINBOW,1104,10.14,03/21/2024,40.0921678,-112.4335642
VIC'S POND,SANPETE,BROOK TROUT,50,2.71,07/01/2024,39.3090085,-111.5706786
VIRGINR RIVER PARK POND,WASHINGTON,RAINBOW,320,10.41,01/02/2024,37.1177715,-113.5016582
VIVIAN PARK P,UTAH,RAINBOW,498,9.28,04/08/2024,40.357262,-111.571884
W-16,SUMMIT,BROOK TROUT,398,2.9,07/02/2024,40.8297566,-110.9983515
W-52,SUMMIT,BROOK TROUT,357,2.9,07/02/2024,40.8297566,-110.9983515
WALL L A-29,SUMMIT,TIGER TROUT,1844,2.78,07/08/2024,40.8297566,-110.9983515
WALLSBURG CR,WASATCH,CUTTHROAT,101,7.25,06/11/2024,40.3877164,-111.4227333
WARNER L,GRAND,RAINBOW,1000,9.95,06/04/2024,38.504847,-109.3237333
WASATCH MTN STATE PARK P,WASATCH,RAINBOW,500,9.27,04/09/2024,40.3629418,-110.9983515
WASHINGTON L A-23,SUMMIT,RAINBOW,571,12.25,06/19/2024,40.8297566,-110.9983515
WATSON L A-27,SUMMIT,BROOK TROUT,296,2.9,07/03/2024,40.8297566,-110.9983515
WEAVER RES,GRAND,CUTTHROAT,1830,5.92,07/22/2024,39.0857902,-109.7591675
WEBER R,WEBER,RAINBOW,1400,11.06,05/09/2024,41.2602635,-111.9522491
"WEEP L, OLD LF-30",DUCHESNE,CUTTHROAT,454,1.48,09/23/2024,40.2172448,-110.5215459
WELLSVILLE RES,CACHE,RAINBOW,1001,9.52,03/26/2024,41.6385432,-111.9338342
WHITNEY RES,SUMMIT,RAINBOW,3655,10.52,06/11/2024,40.854184,-110.8910129
WIDE HOLLOW RES,GARFIELD,TIGER TROUT,499,9.62,06/19/2024,37.7874848,-111.6370072
WILDER L Z-13,DUCHESNE,BROOK TROUT,398,2.9,07/03/2024,40.2172448,-110.5215459
WILLARD BAY RES,BOX ELDER,WALLEYE,225000,0.41,04/01/2024,41.3773942,-112.0834066
WILLARD CR POND,BOX ELDER,RAINBOW,237,8.77,03/13/2024,41.4127699,-112.0408891
WILLOW CREEK POND,UTAH,RAINBOW,499,9.52,03/11/2024,40.0966287,-111.5706786
WILLOW L,SANPETE,RAINBOW,1000,10.77,06/13/2024,39.3090085,-111.5706786
WILLOW PARK PND,SALT LAKE,BROOK TROUT,327,15.21,01/22/2024,40.6380002,-111.9174068
WILLOW SPRING POND,WASHINGTON,RAINBOW,473,10.08,05/01/2024,37.3224877,-113.4776098
WOLF CR,DUCHESNE,BROOK TROUT,1861,4.85,08/19/2024,40.2172448,-110.5215459
WOODS POND,IRON,RAINBOW,261,10.19,05/14/2024,37.7854715,-113.1918021
"WPA POND, UPPER",SANPETE,RAINBOW,1700,10.77,07/09/2024,39.1171221,-111.5246586
WRIGLEY SPRING RES,EMERY,RAINBOW,1000,10.77,06/13/2024,39.0899699,-111.2990627
YANKEE MEADOW RES,IRON,RAINBOW,1000,10.24,05/21/2024,37.7510181,-112.7740554
YEARNS RES,SANPETE,TIGER TROUT,504,10.07,05/08/2024,39.3090085,-111.5706786
YELLOW LAKE NCL,GARFIELD,BROOK TROUT,69,2.62,06/25/2024,37.8400344,-111.2845025
"YELLOWPINE,LOWER W66",SUMMIT,BROOK TROUT,204,2.9,07/02/2024,40.6311024,-111.1738385
"YELLOWPINE,UPPER W65",SUMMIT,BROOK TROUT,296,2.9,07/02/2024,40.6311024,-111.1738385
YELLOWSTONE R,DUCHESNE,RAINBOW,498,10.14,06/25/2024,40.2172448,-110.5215459
YUBA RES (SEVIER BRG,JUAB,WALLEYE,20500,0.41,04/04/2024,39.7108104,-112.7152125
ABES L W-30,SUMMIT,CUTTHROAT,1999,2.28,9/19/2023,40.8297566,-110.9983515
ALEXANDER L A-1,SUMMIT,BROOK TROUT,2301,2.68,7/13/2023,40.8297566,-110.9983515
ARTA L RC-23,DUCHESNE,CUTTHROAT,561,1.45,9/19/2023,40.2172448,-110.5215459
AVINTAQUIN CR,DUCHESNE,CUTTHROAT,1420,5.51,7/10/2023,40.0570951,-110.758405
BELL CR,SALT LAKE,CUTTHROAT,3000,3.18,10/31/2023,40.644188,-111.9522491
BETSEY L X-7,DUCHESNE,CUTTHROAT,1965,1.45,9/19/2023,40.2172448,-110.5215459
BITTER CR,UINTAH,CUTTHROAT,1001,1.95,10/4/2023,40.1069499,-109.3783206
BLIND L TLM,WAYNE,BROOK TROUT,103,2.9,7/25/2023,38.3337024,-110.8076084
BLUE L GT,GARFIELD,CUTTHROAT,51,1.31,9/18/2023,37.8400344,-111.2845025
BOBS L G-73,SUMMIT,CUTTHROAT,1326,1.73,9/19/2023,40.8297566,-110.9983515
BOLLEY L U-96,DUCHESNE,CUTTHROAT,936,1.45,9/19/2023,40.2172448,-110.5215459
BR-35,SUMMIT,TIGER TROUT,132,2.83,7/14/2023,40.8297566,-110.9983515
BRINKLEY L RC-4,DUCHESNE,BROOK TROUT,602,3.0,7/21/2023,40.2172448,-110.5215459
BROADHEAD L D-40,WASATCH,BROOK TROUT,897,2.68,7/13/2023,40.3957499,-111.3026424
BROOK L U-54,DUCHESNE,BROOK TROUT,1003,3.0,7/21/2023,40.2172448,-110.5215459
BUMMER L GR-22,DAGGETT,CUTTHROAT,221,1.73,9/19/2023,40.9053845,-109.5211063
CASTLE L W-67,SUMMIT,CUTTHROAT,399,2.28,9/19/2023,40.8297566,-110.9983515
CEDAR CR,SANPETE,CUTTHROAT,3052,1.87,9/11/2023,39.7858867,-111.4572571
CEDARVIEW RES,DUCHESNE,CUTTHROAT,4081,1.88,10/30/2023,40.5364831,-110.2128587
CLEAR CR,SEVIER,CUTTHROAT,20112,1.9,9/12/2023,38.7333524,-111.6660725
CLEAR L GR-12,DAGGETT,TIGER TROUT,1021,2.7,7/21/2023,40.9053845,-109.5211063
CLIFF L G-5,SUMMIT,TIGER TROUT,1100,2.83,7/14/2023,40.8297566,-110.9983515
"CORN CR, N FK",MILLARD,CUTTHROAT,2054,2.11,9/19/2023,38.7923092,-112.4250012
CRATER L-LOST L,SEVIER,BROOK TROUT,103,3.24,8/8/2023,38.7333524,-111.6660725
CRESCENT L U-48,DUCHESNE,CUTTHROAT,4678,1.45,9/19/2023,40.2172448,-110.5215459
CROW L DG-3,DUCHESNE,CUTTHROAT,1777,1.45,9/19/2023,40.2172448,-110.5215459
D-26,DUCHESNE,BROOK TROUT,299,2.68,7/13/2023,40.2172448,-110.5215459
"DAVIS L, NORTH U-46",DUCHESNE,BROOK TROUT,401,3.0,7/21/2023,40.2172448,-110.5215459
"DAVIS L, SOUTH U-34",DUCHESNE,BROOK TROUT,621,3.0,7/21/2023,40.2172448,-110.5215459
DEADHORSE L G-77,SUMMIT,CUTTHROAT,3203,1.73,9/19/2023,40.8297566,-110.9983515
DEADMAN CR,SUMMIT,CUTTHROAT,155,8.69,5/31/2023,40.8297566,-110.9983515
DIAMOND FK CR,UTAH,CUTTHROAT,5998,2.48,10/16/2023,40.2262583,-111.6607527
DIAMOND L X-43,DUCHESNE,BROOK TROUT,1299,3.0,7/21/2023,40.2172448,-110.5215459
DIVIDE L NO 1 A-36,SUMMIT,BROOK TROUT,520,2.68,7/14/2023,40.8297566,-110.9983515
DOLLAR L G-2,SUMMIT,TIGER TROUT,1001,2.83,7/14/2023,40.8297566,-110.9983515
ELKHORN L W-64,SUMMIT,BROOK TROUT,104,2.68,7/13/2023,41.0345358,-111.2790274
EPHRAIM CR,SANPETE,CUTTHROAT,3000,2.12,9/20/2023,39.3596841,-111.5863052
"ERICKSON L,NORTH W26",SUMMIT,BROOK TROUT,494,2.68,7/13/2023,40.8297566,-110.9983515
"ERICKSON L,SOUTH W25",SUMMIT,BROOK TROUT,845,2.68,7/13/2023,40.8297566,-110.9983515
FERN L X-5,DUCHESNE,BROOK TROUT,1452,3.0,7/21/2023,40.2172448,-110.5215459
FERRON CR,EMERY,CUTTHROAT,16990,2.03,10/17/2023,39.1204043,-111.2561976
G-113,SUMMIT,CUTTHROAT,276,1.73,9/19/2023,40.8297566,-110.9983515
GARRISON RES(PRUESS),MILLARD,CHANNEL CATFISH,3500,2.89,9/26/2023,38.9373514,-114.031767
GILBERT L U-82,DUCHESNE,CUTTHROAT,1123,1.45,9/19/2023,40.2172448,-110.5215459
GR-162,SUMMIT,BROOK TROUT,697,3.0,7/21/2023,40.8297566,-110.9983515
HALLS FK,UTAH,CUTTHROAT,2999,2.48,10/16/2023,40.2262583,-111.6607527
HAYSTACK L A-9,SUMMIT,BROOK TROUT,897,2.68,7/13/2023,40.8297566,-110.9983515
HEART L X-13,DUCHESNE,CUTTHROAT,561,1.45,9/19/2023,40.2172448,-110.5215459
HESSIE L G-18,SUMMIT,CUTTHROAT,2651,1.73,9/19/2023,40.8297566,-110.9983515
HIDDEN L GR-112,SUMMIT,CUTTHROAT,276,1.73,9/19/2023,40.8297566,-110.9983515
HIDDEN L WR-63,DUCHESNE,CUTTHROAT,1029,1.45,9/19/2023,40.2172448,-110.5215459
HONEYMOON L NB,WAYNE,BROOK TROUT,104,2.57,7/10/2023,38.3337024,-110.8076084
HOOVER L Z-10,DUCHESNE,BROOK TROUT,1404,2.68,7/13/2023,40.2172448,-110.5215459
HORSESHOE L WR-67,DUCHESNE,CUTTHROAT,936,1.45,9/19/2023,40.2172448,-110.5215459
HOUR GLASS L A-48,SUMMIT,CUTTHROAT,750,2.28,9/19/2023,40.8297566,-110.9983515
HUNTINGTON CR,EMERY,CUTTHROAT,4315,2.03,10/17/2023,39.3266354,-110.9646113
HUNTINGTON G F PONDS,EMERY,RAINBOW,250,10.14,5/10/2023,39.3266354,-110.9646113
IBANTIK L W-24,SUMMIT,BROOK TROUT,494,2.68,7/13/2023,40.7143185,-110.950291
INDIAN PEAKS RES,BEAVER,RAINBOW,105,12.24,5/2/2023,38.2669053,-113.8752521
ISLAND L A-57,SUMMIT,CUTTHROAT,3023,2.28,9/19/2023,40.8297566,-110.9983515
ISLAND L G-9,SUMMIT,TIGER TROUT,1001,2.83,7/14/2023,40.8297566,-110.9983515
JEAN L Z-41,DUCHESNE,BROOK TROUT,2006,3.0,7/21/2023,40.2172448,-110.5215459
JENSEN POND,CACHE,RAINBOW,221,15.83,3/15/2023,41.7560026,-111.7614661
JOHN L FLAT CREEK,IRON,CUTTHROAT,1090,1.87,9/11/2023,37.6372004,-112.7085499
JUDY L GR-25,SUMMIT,TIGER TROUT,350,2.7,7/21/2023,40.8297566,-110.9983515
JUNIOR L A-56,SUMMIT,CUTTHROAT,300,2.28,9/19/2023,40.8297566,-110.9983515
KAMAS RES W-40,SUMMIT,TIGER TROUT,902,2.83,7/14/2023,40.643007,-111.2807384
KINGS L Y-22,DUCHESNE,CUTTHROAT,1029,1.45,9/19/2023,40.2172448,-110.5215459
LAKE CYN,DUCHESNE,CUTTHROAT,901,4.76,5/30/2023,40.0633032,-110.6168322
LAKE POWELL,KANE,CHUB,30100,3.58,3/31/2023,37.0682619,-111.2433108
LAMB L GR-19,DAGGETT,CUTTHROAT,497,1.73,9/19/2023,40.9053845,-109.5211063
LAMBS CR,SALT LAKE,CUTTHROAT,1000,3.18,10/31/2023,40.644188,-111.9522491
LEFT HAND RES NBS,WAYNE,BROOK TROUT,296,2.57,7/10/2023,38.3337024,-110.8076084
LF-37,DUCHESNE,BROOK TROUT,296,3.0,7/21/2023,40.2172448,-110.5215459
LILY PAD L X-2,DUCHESNE,BROOK TROUT,1003,3.0,7/21/2023,40.2172448,-110.5215459
LITTLE DIAMOND CR,UTAH,CUTTHROAT,799,2.48,10/16/2023,40.0966287,-111.5706786
LITTLE HIDDEN L W-21,SUMMIT,BROOK TROUT,468,2.68,7/14/2023,40.8297566,-110.9983515
LOFTY L W-41,SUMMIT,CUTTHROAT,199,2.28,9/19/2023,40.8297566,-110.9983515
LOST L GR-4,SUMMIT,CUTTHROAT,221,1.73,9/19/2023,40.8297566,-110.9983515
LOUDER CR,IRON,CUTTHROAT,1526,1.87,9/11/2023,37.7854715,-113.1918021
MANNING CR,PIUTE,CUTTHROAT,2500,2.25,10/4/2023,38.4045058,-112.1502396
MARSHALL L Z-11,DUCHESNE,BROOK TROUT,1794,2.68,7/13/2023,40.2172448,-110.5215459
MCPHETERS L BR-14,SUMMIT,TIGER TROUT,946,2.83,7/14/2023,40.8297566,-110.9983515
MILL HOLLOW,WASATCH,BROOK TROUT,1500,3.07,7/5/2023,40.4905057,-111.1063991
MONTEZ CR RES,UINTAH,CHANNEL CATFISH,300,2.89,9/28/2023,40.1069499,-109.3783206
MT DELL CR,SALT LAKE,CUTTHROAT,3000,3.18,10/31/2023,40.7502537,-111.7008897
MUMFORD RES,BEAVER,TIGER TROUT,53,2.87,7/11/2023,38.3266376,-113.287085
MUTTON L GR-23,DAGGETT,CUTTHROAT,387,1.73,9/19/2023,40.9053845,-109.5211063
NEBO CR,UTAH,CUTTHROAT,6002,3.18,11/2/2023,39.9399033,-111.5706786
NELLIE L WR-75,DUCHESNE,CUTTHROAT,281,1.45,9/19/2023,40.2172448,-110.5215459
NORTH CR RES,GARFIELD,TIGER TROUT,2500,10.0,9/13/2023,37.8400344,-111.2845025
OKEY DOKE L U-5,DUCHESNE,CUTTHROAT,655,1.45,9/19/2023,40.2172448,-110.5215459
OLSON L W-32,SUMMIT,BROOK TROUT,702,2.68,7/13/2023,40.7235427,-111.3214023
OTTER L EMW,GARFIELD,BROOK TROUT,152,2.63,7/11/2023,37.8400344,-111.2845025
PARLEYS CR,SALT LAKE,CUTTHROAT,2000,3.18,10/31/2023,40.72025,-111.8165157
PINTO L X-22,DUCHESNE,BROOK TROUT,5100,3.0,7/21/2023,40.2172448,-110.5215459
"POTTER L,UPPER GR-28",DAGGETT,CUTTHROAT,1491,1.73,9/19/2023,40.9053845,-109.5211063
"PROVO R, UPPER, S FK",WASATCH,CUTTHROAT,6886,2.98,10/30/2023,40.2338438,-111.6585337
QUEANT L WR-4,DUCHESNE,CUTTHROAT,936,1.45,9/19/2023,40.2172448,-110.5215459
RAM L GR-24,DAGGETT,CUTTHROAT,497,1.73,9/19/2023,40.9053845,-109.5211063
RECAPTURE RES,SAN JUAN,CRAPPIE BLACK,4000,3.15,5/4/2023,37.4634157,-109.7591675
RED BUTTE CR,SALT LAKE,CUTTHROAT,991,3.18,10/31/2023,40.7661478,-111.8247707
RED PINE L,SALT LAKE,CUTTHROAT,2999,2.28,9/19/2023,40.644188,-111.9522491
"RED PINE L, UPPER",SALT LAKE,CUTTHROAT,3996,2.28,9/19/2023,40.644188,-111.9522491
REDMOND L,SEVIER,CRAPPIE BLACK,10000,3.15,5/4/2023,39.0060727,-111.8618705
REED VALLEY CREEK,IRON,CUTTHROAT,1526,1.87,9/11/2023,37.6204034,-112.7024724
REIDS L W-38,SUMMIT,BROOK TROUT,494,2.68,7/13/2023,40.8297566,-110.9983515
ROBERTS L U-15,DUCHESNE,CUTTHROAT,1216,1.45,9/19/2023,40.2172448,-110.5215459
ROCK L A-10,SUMMIT,TIGER TROUT,396,2.83,7/14/2023,40.8297566,-110.9983515
"ROCK L, MIDDLE WR-16",DUCHESNE,CUTTHROAT,468,1.45,9/19/2023,40.2172448,-110.5215459
"ROCK L, UPPER WR-14",DUCHESNE,CUTTHROAT,1684,1.45,9/19/2023,40.2172448,-110.5215459
ROSEBUD JUNE SUCKER 1,BOX ELDER,SUCKER,1000,6.55,9/27/2023,41.5380087,-113.1918021
ROSEBUD JUNE SUCKER 2,BOX ELDER,SUCKER GREEN,481,6.62,9/20/2023,41.5380087,-113.1918021
ROSEBUD TOP POND,BOX ELDER,RAINBOW,502,7.11,9/19/2023,41.5380087,-113.1918021
RUDOLPH L NO 1 X-39,DUCHESNE,BROOK TROUT,2206,3.0,7/21/2023,40.2172448,-110.5215459
SALAMANDER L BR-26,SUMMIT,BROOK TROUT,403,2.68,7/13/2023,40.8297566,-110.9983515
SAN RAFAEL R,EMERY,CHUB,1887,10.56,4/18/2023,39.0738385,-110.7122465
SANDY L GR-45,UINTAH,CUTTHROAT,748,1.45,9/19/2023,40.1867357,-109.3306636
SCOW L BR-12,SUMMIT,BROOK TROUT,1703,2.68,7/13/2023,40.8297566,-110.9983515
SENCEBALL,BEAVER,BROOK TROUT,97,2.63,7/11/2023,38.3266376,-113.287085
SHARLEE L WR-57,DUCHESNE,CUTTHROAT,655,1.45,9/19/2023,40.2172448,-110.5215459
SIXTH WATER,UTAH,CUTTHROAT,5002,2.48,10/16/2023,40.1508688,-111.2469927
"SMITHS FK, W FK",SUMMIT,CUTTHROAT,293,13.28,7/19/2023,40.8297566,-110.9983515
SNOW L GR-130,SUMMIT,CUTTHROAT,939,1.73,9/19/2023,40.8297566,-110.9983515
SONNY L X-12,DUCHESNE,BROOK TROUT,403,2.68,7/13/2023,40.2172448,-110.5215459
SOWERS CR,DUCHESNE,CUTTHROAT,521,6.54,8/2/2023,40.2172448,-110.5215459
STATE MENTAL HOS PD,UTAH,RAINBOW,402,9.46,9/11/2023,40.0966287,-111.5706786
TAMARA L WR-73,DUCHESNE,CUTTHROAT,842,1.45,9/19/2023,40.2172448,-110.5215459
TEDS L WR-44,UINTAH,BROOK TROUT,697,3.0,7/21/2023,40.1069499,-109.3783206
"TEEPEE L,LOWER GR-29",DAGGETT,CUTTHROAT,387,1.73,9/19/2023,40.9053845,-109.5211063
"TEEPEE L,UPPER GR-30",DAGGETT,TIGER TROUT,598,2.7,7/21/2023,40.9053845,-109.5211063
TIE FK CR,UTAH,CUTTHROAT,1248,3.18,11/2/2023,40.2262583,-111.6607527
TUNGSTEN L X-107,DUCHESNE,CUTTHROAT,1029,1.45,9/19/2023,40.2172448,-110.5215459
TWO MILE CYN,EMERY,CUTTHROAT,983,3.11,9/19/2023,39.103212,-111.216834
U- 37,DUCHESNE,BROOK TROUT,649,3.0,7/21/2023,40.2172448,-110.5215459
U- 38,DUCHESNE,CUTTHROAT,842,1.45,9/19/2023,40.2172448,-110.5215459
U- 42,DUCHESNE,CUTTHROAT,748,1.45,9/19/2023,40.2172448,-110.5215459
U- 45,DUCHESNE,CUTTHROAT,468,1.45,9/19/2023,40.2172448,-110.5215459
U- 93,DUCHESNE,CUTTHROAT,561,1.45,9/19/2023,40.2172448,-110.5215459
UPPER BELLS RES,SALT LAKE,CUTTHROAT,4001,2.28,9/19/2023,40.5413383,-111.7421522
"VIRGIN R, E FK",KANE,BROWN TROUT,5150,2.95,5/1/2023,37.293251,-112.4291464
WHITE PINE L,SALT LAKE,CUTTHROAT,4001,2.28,9/19/2023,40.6586147,-111.9038346
WILLARD CR,BOX ELDER,RAINBOW,198,8.91,3/29/2023,41.4127699,-112.0408891
WILLOW POND,BOX ELDER,SUNFISH BLUEGILL,1607,2.55,9/22/2023,41.5380087,-113.1918021
WYMAN L Z-14,DUCHESNE,BROOK TROUT,546,2.68,7/13/2023,40.2172448,-110.5215459
X- 86,DUCHESNE,BROOK TROUT,697,3.0,7/21/2023,40.2172448,-110.5215459
X- 89,DUCHESNE,CUTTHROAT,374,1.45,9/19/2023,40.2172448,-110.5215459
AMBER'S MUDDY HOLE,SANPETE,BROOK TROUT,201,2.97,7/14/2022,39.0742731,-111.47273
AMLEN L X-99,DUCHESNE,BROOK TROUT,612,2.75,6/29/2022,40.2172448,-110.5215459
AMOEBA L X-90,DUCHESNE,CUTTHROAT,594,1.57,9/23/2022,40.2172448,-110.5215459
ANN L WR-74,DUCHESNE,CUTTHROAT,223,1.57,9/23/2022,40.2172448,-110.5215459
"ANSON L ,EAST GR-13",DAGGETT,BROOK TROUT,765,3.62,7/6/2022,40.9053845,-109.5211063
AUDRY L RC-45,DUCHESNE,BROOK TROUT,1000,2.92,7/11/2022,40.2172448,-110.5215459
BATTLE CR,UTAH,CUTTHROAT,1000,2.43,9/19/2022,40.3699083,-111.6870939
BEARD L U-74,DUCHESNE,BROOK TROUT,481,3.62,7/6/2022,40.2172448,-110.5215459
BIG BEAR CR,SANPETE,CUTTHROAT,12000,1.68,9/26/2022,39.22025498923785,-111.3709501164909
BIG COTTONWOOD CR,SALT LAKE,CUTTHROAT,2704,2.3,9/21/2022,40.6384945,-111.8200666
BIG CR,RICH,CUTTHROAT,5024,7.58,6/7/2022,41.5629707,-111.1891151
BLACK L X-132,DUCHESNE,BROOK TROUT,1188,2.75,6/29/2022,40.2172448,-110.5215459
BLUE L Z-32,DUCHESNE,TIGER TROUT,1418,2.65,6/28/2022,40.2172448,-110.5215459
BLUE RIBBON #4,SANPETE,BROOK TROUT,57,2.97,7/14/2022,39.3090085,-111.5706786
BOWDEN L U-32,DUCHESNE,BROOK TROUT,450,3.62,7/6/2022,40.2172448,-110.5215459
BR- 2,SUMMIT,BROOK TROUT,96,2.75,6/27/2022,40.8297566,-110.9983515
BR-24,SUMMIT,TIGER TROUT,257,2.65,6/28/2022,40.8297566,-110.9983515
BR-34,SUMMIT,TIGER TROUT,243,2.65,6/28/2022,40.8297566,-110.9983515
BROWN DUCK L X-31,DUCHESNE,MUSKIE TIGER,150,3.39,7/6/2022,40.2172448,-110.5215459
BUCKLEY SPRING,DUCHESNE,CUTTHROAT,999,1.95,10/20/2022,40.2172448,-110.5215459
CABIN L RC-42,DUCHESNE,CUTTHROAT,520,1.57,9/23/2022,40.2172448,-110.5215459
"CARROL L, EAST X-21",DUCHESNE,CUTTHROAT,783,1.91,9/23/2022,40.2172448,-110.5215459
"CARROL L, UPPER X-18",DUCHESNE,BROOK TROUT,3503,3.7,6/30/2022,40.2172448,-110.5215459
CARROT L U-17,DUCHESNE,BROOK TROUT,1610,3.62,7/6/2022,40.2172448,-110.5215459
CASTLE VALLEY CR,IRON,CUTTHROAT,4002,2.01,9/12/2022,37.6949721,-112.7711179
CHEPETA L WR-64,DUCHESNE,BROOK TROUT,1838,3.7,6/30/2022,40.7866179,-110.0157094
CLEMENTS RES X-74,DUCHESNE,CUTTHROAT,5424,1.57,9/23/2022,40.2172448,-110.5215459
CLIFF L A-34,SUMMIT,TIGER TROUT,621,2.65,6/28/2022,40.8297566,-110.9983515
CLYDE L A-28,SUMMIT,BROOK TROUT,1596,2.75,6/27/2022,40.8297566,-110.9983515
COLORADO R,SAN JUAN,CHUB,1989,9.42,4/18/2022,37.4634157,-109.7591675
COLOROW (ASPEN) X-63,DUCHESNE,BROOK TROUT,851,3.62,7/6/2022,40.2172448,-110.5215459
COLUMBINE L GR-116,SUMMIT,TIGER TROUT,427,3.69,7/6/2022,40.8297566,-110.9983515
COVE CR,SANPETE,CUTTHROAT,3900,1.68,9/26/2022,39.3090085,-111.5706786
CUBERANT NO 3 W-44,SUMMIT,BROOK TROUT,396,2.75,6/27/2022,40.7388168,-110.9137809
CUBERANT NO 4 W-45,SUMMIT,TIGER TROUT,2214,2.65,6/28/2022,40.7388168,-110.9137809
DEER L X-55,DUCHESNE,CUTTHROAT,1483,1.91,9/23/2022,40.2172448,-110.5215459
DF- 4,UINTAH,CUTTHROAT,743,1.57,9/23/2022,40.1069499,-109.3783206
DOLORES R,GRAND,CHUB,1860,9.48,4/19/2022,39.0857902,-109.7591675
DRIFT RES Y-41,DUCHESNE,BROOK TROUT,740,3.7,6/30/2022,40.2172448,-110.5215459
EAST FORK FARM CK DC,DUCHESNE,CUTTHROAT,4002,2.01,10/25/2022,40.2172448,-110.5215459
EAST SLIDE L LF-44,DUCHESNE,BROOK TROUT,321,3.62,7/6/2022,40.2172448,-110.5215459
FIRE L A-14,SUMMIT,CUTTHROAT,1524,2.51,9/19/2022,40.8297566,-110.9983515
FISH HATCHERY L X-6,DUCHESNE,CUTTHROAT,3566,1.57,9/23/2022,40.2172448,-110.5215459
FISH L GR-125,SUMMIT,BROOK TROUT,4589,3.7,6/30/2022,40.8297566,-110.9983515
FOX RES U-47,DUCHESNE,BROOK TROUT,8104,3.7,6/30/2022,40.2172448,-110.5215459
G- 40,SUMMIT,BROOK TROUT,301,3.7,6/30/2022,40.8297566,-110.9983515
G- 67,SUMMIT,BROOK TROUT,774,3.03,9/26/2022,40.8297566,-110.9983515
G- 82,SUMMIT,BROOK TROUT,189,3.03,9/26/2022,40.8297566,-110.9983515
GATES L LF-34,DUCHESNE,BROOK TROUT,265,3.62,7/6/2022,40.2172448,-110.5215459
GIBBY L RC-30,DUCHESNE,CUTTHROAT,288,1.91,9/23/2022,40.2172448,-110.5215459
GOVERNORS L Z-24,DUCHESNE,BROOK TROUT,3660,2.75,6/29/2022,40.2172448,-110.5215459
GR-154,SUMMIT,BROOK TROUT,216,2.75,6/29/2022,40.8297566,-110.9983515
GR-155,SUMMIT,BROOK TROUT,216,2.75,6/29/2022,40.8297566,-110.9983515
GRANDADDY L X-9,DUCHESNE,CUTTHROAT,17304,1.91,9/23/2022,40.2172448,-110.5215459
HAYDEN L BR-36,SUMMIT,TIGER TROUT,473,2.65,6/28/2022,40.8297566,-110.9983515
HELL HOLE L WR-65,DUCHESNE,CUTTHROAT,372,1.57,9/23/2022,40.2172448,-110.5215459
HELLER L DG-28,DUCHESNE,CUTTHROAT,989,1.91,9/23/2022,40.2172448,-110.5215459
HIDDEN L DG-27,DUCHESNE,BROOK TROUT,1283,3.62,7/6/2022,40.2172448,-110.5215459
HIDDEN L GR-149,SUMMIT,BROOK TROUT,708,2.75,6/29/2022,40.8297566,-110.9983515
HOLMAN CR,UTAH,CUTTHROAT,506,2.7,10/20/2022,40.4894853,-111.6102994
ISLAND RES X-34,DUCHESNE,CUTTHROAT,1648,1.91,9/23/2022,40.2172448,-110.5215459
JACK L X-133,DUCHESNE,BROOK TROUT,216,2.75,6/29/2022,40.2172448,-110.5215459
JILL L X-111,DUCHESNE,BROOK TROUT,288,2.75,6/29/2022,40.2172448,-110.5215459
"KIBAH L, EAST DF-11",UINTAH,BROOK TROUT,253,3.62,7/6/2022,40.1069499,-109.3783206
"KIDNEY L, WEST U-26",DUCHESNE,BROOK TROUT,2992,3.62,7/6/2022,40.2172448,-110.5215459
LAKE EMILY,WAYNE,BROOK TROUT,51,3.26,8/3/2022,38.3337024,-110.8076084
LAKESHORE L GR-34,UINTAH,MUSKIE TIGER,150,3.39,7/6/2022,40.1069499,-109.3783206
LF- 8,DUCHESNE,CUTTHROAT,700,1.91,9/23/2022,40.2172448,-110.5215459
LIGHTNING L X-127,DUCHESNE,BROOK TROUT,708,2.75,6/29/2022,40.2172448,-110.5215459
LILLY L U-23,DUCHESNE,BROOK TROUT,802,3.62,7/6/2022,40.2172448,-110.5215459
LILY L S-15,DUCHESNE,BROOK TROUT,1994,3.7,6/30/2022,40.2172448,-110.5215459
LITTLE BLUE L GR-48,UINTAH,BROOK TROUT,598,3.62,7/6/2022,40.1069499,-109.3783206
LITTLE DEER CR,WASATCH,CUTTHROAT,617,2.3,9/21/2022,40.4303836,-111.5526227
LODGEPOLE L X-3,DUCHESNE,BROOK TROUT,1716,2.75,6/29/2022,40.2172448,-110.5215459
LORENA L BR-46,SUMMIT,BROOK TROUT,1197,3.03,9/26/2022,40.8297566,-110.9983515
LOWER COW POND,SANPETE,BROOK TROUT,57,2.97,7/14/2022,39.3090085,-111.5706786
"MANTI CR, S FK",SANPETE,CUTTHROAT,8100,2.12,9/19/2022,39.2682951,-111.6368627
MARGIE L X-129,DUCHESNE,BROOK TROUT,768,2.75,6/29/2022,40.2172448,-110.5215459
MARGO L Z-23,DUCHESNE,CUTTHROAT,1112,1.91,9/23/2022,40.2172448,-110.5215459
MARSELL L X-11,DUCHESNE,CUTTHROAT,1635,1.57,9/23/2022,40.2172448,-110.5215459
MEADOW CREEK LAKE,IRON,CUTTHROAT,992,2.01,9/12/2022,37.7854715,-113.1918021
MEADOW L W-27,SUMMIT,TIGER TROUT,2214,2.65,6/28/2022,40.8297566,-110.9983515
MID L X-42,DUCHESNE,BROOK TROUT,660,2.75,6/29/2022,40.2172448,-110.5215459
MORAT 1 L Z-31,DUCHESNE,CUTTHROAT,1337,1.57,9/23/2022,40.2172448,-110.5215459
NEIL L W-31,SUMMIT,BROOK TROUT,60,2.75,6/27/2022,40.8297566,-110.9983515
NORTHWEST SUNSET POND,SALT LAKE,CHANNEL CATFISH,234,11.7,6/2/2022,40.5357797,-111.8693414
"OTTOSON L,UPPER X-87",DUCHESNE,CUTTHROAT,669,1.57,9/23/2022,40.2641683,-110.2184652
PALISADE L Z-28,DUCHESNE,BROOK TROUT,1416,2.75,6/29/2022,40.2172448,-110.5215459
PAUL L DF-18,UINTAH,BROOK TROUT,1098,3.62,7/6/2022,40.1069499,-109.3783206
"PAYSON CR, RT FK",UTAH,CUTTHROAT,2006,2.56,10/20/2022,40.0435822,-111.7323853
PIDGEON WATERS,DUCHESNE,RAINBOW,201,9.18,6/3/2022,40.2172448,-110.5215459
POWELL L Z-30,DUCHESNE,CUTTHROAT,2675,1.57,9/23/2022,40.2172448,-110.5215459
"PROVO R, LOWER, N FK",UTAH,CUTTHROAT,2087,2.51,9/19/2022,40.2262583,-111.6607527
PYRAMID L Z-17,DUCHESNE,BROOK TROUT,756,2.75,6/27/2022,40.2172448,-110.5215459
RASMUSSEN L NO1 WR35,DUCHESNE,BROOK TROUT,1536,3.62,7/6/2022,40.2172448,-110.5215459
RASMUSSEN L NO2 WR36,DUCHESNE,BROOK TROUT,1394,3.62,7/6/2022,40.2172448,-110.5215459
RC-36,DUCHESNE,BROOK TROUT,300,2.92,7/11/2022,40.2172448,-110.5215459
READER L WR-66,DUCHESNE,CUTTHROAT,743,1.57,9/23/2022,40.2172448,-110.5215459
RED BELLY L GR-51,UINTAH,CUTTHROAT,618,1.91,9/23/2022,40.1069499,-109.3783206
ROCK I L X-96,DUCHESNE,BROOK TROUT,492,2.75,6/29/2022,40.2172448,-110.5215459
ROSALIE L X-130,DUCHESNE,BROOK TROUT,828,2.75,6/29/2022,40.2172448,-110.5215459
RUDOLPH L NO 2 X-40,DUCHESNE,BROOK TROUT,300,2.75,6/29/2022,40.2172448,-110.5215459
SANTAQUIN CR,UTAH,CUTTHROAT,2008,2.7,10/20/2022,39.9207409,-111.7203662
SAUCER L WR-41,UINTAH,BROOK TROUT,302,3.62,7/6/2022,40.1069499,-109.3783206
SEA LION L RC-11,DUCHESNE,CUTTHROAT,783,1.91,9/23/2022,40.2172448,-110.5215459
SHAMROCK L X-98,DUCHESNE,BROOK TROUT,1848,2.75,6/29/2022,40.2172448,-110.5215459
"SOLDIER CR, S FK",UTAH,CUTTHROAT,1506,2.3,9/21/2022,40.1214588,-111.6033772
SPIDER L X-109,DUCHESNE,BROOK TROUT,2129,3.62,7/6/2022,40.2172448,-110.5215459
SQUAW L X-95,DUCHESNE,BROOK TROUT,1056,2.75,6/29/2022,40.2172448,-110.5215459
STEWART L,UINTAH,CHUB,105,10.05,6/30/2022,40.1069499,-109.3783206
TAYLOR L WR-8,DUCHESNE,BROOK TROUT,2497,3.7,6/30/2022,40.2172448,-110.5215459
TEAL L BR-32,SUMMIT,TIGER TROUT,716,2.65,6/28/2022,40.660678,-111.280806
"TWELVE MILE CR, N FK",SANPETE,CUTTHROAT,8100,2.12,9/19/2022,39.1448744,-111.5369819
U- 19,DUCHESNE,BROOK TROUT,1610,3.62,7/6/2022,40.2172448,-110.5215459
U- 50,DUCHESNE,BROOK TROUT,902,3.7,6/30/2022,40.2172448,-110.5215459
U- 79,DUCHESNE,BROOK TROUT,798,3.7,6/30/2022,40.2172448,-110.5215459
U- 89,DUCHESNE,BROOK TROUT,642,3.62,7/6/2022,40.2172448,-110.5215459
VIRGIN R,WASHINGTON,CHUB,972,4.06,11/7/2022,37.208316,-113.1882792
W-59,SUMMIT,BROOK TROUT,153,3.03,9/26/2022,40.8297566,-110.9983515
W-62,SUMMIT,BROOK TROUT,204,2.75,6/27/2022,40.8297566,-110.9983515
WALK-UP L WR-55,DUCHESNE,BROOK TROUT,1832,3.62,7/6/2022,40.2172448,-110.5215459
WATKINS L WR-48,UINTAH,BROOK TROUT,1795,3.62,7/6/2022,40.1069499,-109.3783206
WEST JORDAN BIG BEND,SALT LAKE,SUNFISH BLUEGILL,1384,3.36,9/22/2022,40.5941155,-111.914855
WHITE MILLER L X-54,DUCHESNE,BROOK TROUT,1098,3.7,6/30/2022,40.2172448,-110.5215459
WILLOW CR,WASATCH,CUTTHROAT,3103,2.18,10/17/2022,40.3156907,-111.2071466
WOOLEY L WR-40,UINTAH,BROOK TROUT,1000,3.62,7/6/2022,40.3836721,-109.6013143
X- 24,DUCHESNE,CUTTHROAT,1566,1.91,9/23/2022,40.2172448,-110.5215459
X- 25,DUCHESNE,CUTTHROAT,1689,1.91,9/23/2022,40.2172448,-110.5215459
X- 51,DUCHESNE,CUTTHROAT,412,1.91,9/23/2022,40.2172448,-110.5215459
X- 57,DUCHESNE,BROOK TROUT,938,3.62,7/6/2022,40.2172448,-110.5215459
X- 61,DUCHESNE,CUTTHROAT,371,1.91,9/23/2022,40.2172448,-110.5215459
X- 62,DUCHESNE,CUTTHROAT,453,1.91,9/23/2022,40.2172448,-110.5215459
X- 84,DUCHESNE,BROOK TROUT,506,3.62,7/6/2022,40.2172448,-110.5215459
Y-19,DUCHESNE,BROOK TROUT,555,3.62,7/6/2022,40.2172448,-110.5215459
Y-36,DUCHESNE,BROOK TROUT,753,3.62,7/6/2022,40.2172448,-110.5215459
Y-37,DUCHESNE,BROOK TROUT,1037,3.62,7/6/2022,40.2172448,-110.5215459
YOUNG L X-100,DUCHESNE,CUTTHROAT,372,1.57,9/23/2022,40.2172448,-110.5215459
AZURE (LOCK) L A-11,SUMMIT,GRAYLING ARCTIC,301,2.65,9/21/2021,40.8297566,-110.9983515
BENNIE CR,UTAH,CUTTHROAT,1508,2.18,10/27/2021,40.0966287,-111.5706786
BENNION L GR-134,SUMMIT,BROOK TROUT,771,3.32,7/1/2021,40.8297566,-110.9983515
BR-55,SUMMIT,BROOK TROUT,230,2.79,6/29/2021,40.8297566,-110.9983515
CLEVELAND L WR-7,DUCHESNE,BROOK TROUT,2406,3.32,7/1/2021,40.2172448,-110.5215459
CLIFF L WR-49,DUCHESNE,BROOK TROUT,1997,3.32,7/1/2021,40.2172448,-110.5215459
COFFIN L GR-144,SUMMIT,TIGER TROUT,1997,2.69,6/30/2021,40.8297566,-110.9983515
COW POND,SANPETE,BROOK TROUT,198,2.81,6/29/2021,39.3090085,-111.5706786
DANIELS CR,WASATCH,CUTTHROAT,5016,2.43,10/13/2021,40.4798096,-111.4144855
DG- 6,DUCHESNE,CUTTHROAT,599,1.9,9/22/2021,40.2172448,-110.5215459
DG- 9,DUCHESNE,CUTTHROAT,984,1.9,9/22/2021,40.2172448,-110.5215459
DG-10,DUCHESNE,CUTTHROAT,984,1.9,9/22/2021,40.2172448,-110.5215459
DG-14,DUCHESNE,CUTTHROAT,214,1.9,9/22/2021,40.2172448,-110.5215459
DG-15,DUCHESNE,CUTTHROAT,214,1.9,9/22/2021,40.2172448,-110.5215459
DG-16,DUCHESNE,CUTTHROAT,214,1.9,9/22/2021,40.2172448,-110.5215459
DG-17,DUCHESNE,CUTTHROAT,428,1.9,9/22/2021,40.2172448,-110.5215459
DIVIDE L U-59,DUCHESNE,CUTTHROAT,1883,1.9,9/22/2021,40.2172448,-110.5215459
DOCS L X-15,DUCHESNE,BROOK TROUT,1104,2.79,6/30/2021,40.2172448,-110.5215459
DRY CREEK HIGHLAND,UTAH,CUTTHROAT,2999,2.55,11/16/2021,40.4456616,-111.8170628
ELY CR,UINTAH,CUTTHROAT,500,2.06,9/27/2021,40.1069499,-109.3783206
FARNEY L X-14,DUCHESNE,GRAYLING ARCTIC,2000,2.65,9/21/2021,40.2172448,-110.5215459
FISH CR,SEVIER,CUTTHROAT,32400,2.51,9/28/2021,38.7333524,-111.6660725
G- 80,SUMMIT,BROOK TROUT,92,2.79,6/30/2021,41.0125201,-111.3695662
GLADYS L X-128,DUCHESNE,BROOK TROUT,748,2.79,6/29/2021,40.2172448,-110.5215459
GR- 77,UINTAH,GRAYLING ARCTIC,430,2.65,9/21/2021,40.1069499,-109.3783206
GR-117,DAGGETT,GRAYLING ARCTIC,194,2.65,9/21/2021,40.9053845,-109.5211063
HELEN L X-126,DUCHESNE,BROOK TROUT,840,2.79,6/29/2021,40.2172448,-110.5215459
HIDDEN L GR-7,DAGGETT,BROOK TROUT,1063,3.32,7/1/2021,40.9053845,-109.5211063
"HOBBLE CR, LEFT FK",UTAH,CUTTHROAT,1507,2.43,10/13/2021,40.2262583,-111.6607527
"HOBBLE CR, RT FK",UTAH,CUTTHROAT,2507,2.25,10/13/2021,40.2262583,-111.6607527
HOOK L X-81,DUCHESNE,BROOK TROUT,1051,3.32,7/1/2021,40.2172448,-110.5215459
HORSESHOE L RC-38,DUCHESNE,BROOK TROUT,150,2.79,6/30/2021,40.2172448,-110.5215459
INDIAN CYN CR,DUCHESNE,CUTTHROAT,1994,2.19,10/19/2021,40.1449011,-110.4158163
JOHNSON L WR-30,UINTAH,GRAYLING ARCTIC,323,2.65,9/21/2021,40.1069499,-109.3783206
"KIBAH L, WEST DF-14",UINTAH,BROOK TROUT,777,3.32,7/1/2021,40.1069499,-109.3783206
"KIBAH L,FINGER DF-12",UINTAH,BROOK TROUT,374,3.32,7/1/2021,40.1069499,-109.3783206
"KIBAH L,ISLAND DF-16",UINTAH,BROOK TROUT,800,3.32,7/1/2021,40.1069499,-109.3783206
LAPOINT RES,UINTAH,MUSKIE TIGER,165,2.63,6/8/2021,40.4021637,-109.7958521
LF-16,DUCHESNE,BROOK TROUT,298,3.32,7/1/2021,40.2172448,-110.5215459
LILLIAN L,SALT LAKE,GRAYLING ARCTIC,1011,2.65,9/21/2021,40.7764134,-111.8670978
LITTLE CR,IRON,CUTTHROAT,5079,1.47,8/18/2021,37.7854715,-113.1918021
LYNN CR,UINTAH,CUTTHROAT,1274,4.28,6/2/2021,40.1069499,-109.3783206
MAIN CR,WASATCH,CUTTHROAT,1536,2.18,10/27/2021,40.3629418,-110.9983515
MARY ELLEN GULCH CREEK,UTAH,CUTTHROAT,1509,2.61,11/16/2021,40.5343119,-111.6245994
MILK L Y-25,DUCHESNE,BROOK TROUT,1752,3.32,7/1/2021,40.2172448,-110.5215459
"NORTH CR, S FK",BEAVER,CUTTHROAT,5080,1.47,8/17/2021,38.3266376,-113.287085
PAYSON CR,UTAH,CUTTHROAT,1015,2.18,10/27/2021,40.0435822,-111.7323853
PHINNEY L X-119,DUCHESNE,BROOK TROUT,1357,2.79,6/29/2021,40.2172448,-110.5215459
PICTURE L X-82,DUCHESNE,GRAYLING ARCTIC,2000,2.65,9/21/2021,40.2172448,-110.5215459
PINE GROVE POND,BEAVER,RAINBOW,125,9.81,4/14/2021,38.3527063,-113.6590475
RAINBOW L Z-25,DUCHESNE,BROOK TROUT,1403,2.79,6/30/2021,40.2172448,-110.5215459
RANDOLPH CR,RICH,CUTTHROAT,189,16.55,5/21/2021,41.6657759,-111.1821409
RANGE CR,CARBON,CUTTHROAT,7320,1.98,9/30/2021,39.6479807,-110.6168921
READER CR,DUCHESNE,CUTTHROAT,4004,4.28,6/2/2021,40.2172448,-110.5215459
SALINA CR,SEVIER,CUTTHROAT,5280,1.48,8/19/2021,38.9577407,-111.859925
SEARS CR,DAGGETT,CUTTHROAT,999,2.06,9/27/2021,40.9053845,-109.5211063
SOLDIER CR,UTAH,CUTTHROAT,3018,2.5,10/4/2021,40.0966287,-111.5706786
STEWART L X-79,DUCHESNE,CUTTHROAT,942,1.9,9/22/2021,40.2172448,-110.5215459
THOMPSON L RC-8,DUCHESNE,BROOK TROUT,1403,2.79,6/30/2021,40.2172448,-110.5215459
"TIMOTHY L, EAST X-16",DUCHESNE,BROOK TROUT,993,3.32,7/1/2021,40.2172448,-110.5215459
"TIMOTHY L, WEST X-19",DUCHESNE,BROOK TROUT,1495,3.32,7/1/2021,40.2172448,-110.5215459
UINTAH L X-131,DUCHESNE,BROOK TROUT,633,2.79,6/29/2021,40.2172448,-110.5215459
WARDSWORTH CR,UTAH,CUTTHROAT,1011,2.43,10/13/2021,40.2565987,-111.3474805
WHISKEY ISLAND L BR3,SUMMIT,GRAYLING ARCTIC,1011,2.65,9/21/2021,40.8297566,-110.9983515
WHITEROCKS R,DUCHESNE,CUTTHROAT,25,6.11,7/6/2021,40.2172448,-110.5215459
WILDE L GR-36,UINTAH,GRAYLING ARCTIC,323,2.65,9/21/2021,40.1069499,-109.3783206
X- 22,DUCHESNE,CUTTHROAT,899,1.9,9/22/2021,40.2172448,-110.5215459
X- 26,DUCHESNE,BROOK TROUT,397,3.32,7/1/2021,40.2172448,-110.5215459
X- 50,DUCHESNE,GRAYLING ARCTIC,194,2.65,9/21/2021,40.2172448,-110.5215459
X- 60,DUCHESNE,CUTTHROAT,813,1.9,9/22/2021,40.2172448,-110.5215459
X- 78,DUCHESNE,CUTTHROAT,1712,1.9,9/22/2021,40.2172448,-110.5215459
X-105,DUCHESNE,CUTTHROAT,984,1.9,9/22/2021,40.2172448,-110.5215459
"BARKER POND, UPPER NCL",GARFIELD,CUTTHROAT,34,4.2,10/21/2020,37.8400344,-111.2845025
BEAR CYN CR,JUAB,CUTTHROAT,1012,2.4,11/4/2020,39.7875104,-111.7305378
"BOULDER CR, W FK",GARFIELD,CUTTHROAT,203,4.2,10/21/2020,37.9628169,-111.453659
DIAMOND L U-39,DUCHESNE,GRAYLING ARCTIC,558,2.81,9/21/2020,40.2172448,-110.5215459
EMIGRATION CR,SALT LAKE,CUTTHROAT,1025,2.27,10/12/2020,40.7407546,-111.8411582
EWE L GR-18,DAGGETT,GRAYLING ARCTIC,450,2.81,9/21/2020,40.9053845,-109.5211063
FAIRMONT PARK P,SALT LAKE,CHANNEL CATFISH,401,2.48,9/15/2020,40.7200621,-111.8653145
FARMERS L X-23,DUCHESNE,BROOK TROUT,6261,3.15,7/6/2020,40.2172448,-110.5215459
GAIL L GR-115,SUMMIT,CUTTHROAT,341,2.48,9/23/2020,40.8297566,-110.9983515
GR-145,SUMMIT,GRAYLING ARCTIC,1098,2.81,9/21/2020,40.8297566,-110.9983515
"GREEN L, WEST",DAGGETT,CUTTHROAT,900,2.48,9/23/2020,40.9053845,-109.5211063
HARMONICA L,SANPETE,TIGER TROUT,1520,5.28,9/16/2020,39.3090085,-111.5706786
JEWELL L BR-38,SUMMIT,TIGER TROUT,126,2.4,7/31/2020,40.8297566,-110.9983515
KABELL L GR-140,SUMMIT,CUTTHROAT,1475,2.48,9/23/2020,40.8297566,-110.9983515
LINDA L LF-36,DUCHESNE,BROOK TROUT,400,3.15,7/6/2020,40.2172448,-110.5215459
LITTLE ELK L A-19,SUMMIT,GRAYLING ARCTIC,594,2.81,9/21/2020,40.8297566,-110.9983515
LITTLE ELK L DF-17,UINTAH,GRAYLING ARCTIC,504,2.81,9/21/2020,40.6920835,-109.9343299
LOGGER L,SANPETE,RAINBOW,1296,9.75,7/8/2020,39.3090085,-111.5706786
MANN CR,DAGGETT,CUTTHROAT,1000,2.48,9/23/2020,40.9053845,-109.5211063
MYSTERY (LOST)GR-101,DAGGETT,CUTTHROAT,803,2.48,9/23/2020,40.9053845,-109.5211063
POINT L WR-6,DUCHESNE,BROOK TROUT,1595,3.49,7/6/2020,40.2172448,-110.5215459
"PROVO R, LOWER, S FK",UTAH,CUTTHROAT,2001,2.27,10/12/2020,40.2262583,-111.6607527
"RED PINE L, LITTLE UPPER",SALT LAKE,CUTTHROAT,2002,2.13,9/22/2020,40.644188,-111.9522491
ROUND L GR-131,SUMMIT,CUTTHROAT,1707,2.48,9/23/2020,40.8297566,-110.9983515
"SHEEP CR, MIDDLE FK",DAGGETT,CUTTHROAT,201,13.96,9/23/2020,40.9053845,-109.5211063
SHINGLE MILL CR,UTAH,CUTTHROAT,317,2.15,10/8/2020,40.2354995,-111.3159388
SILVER CR,UTAH,CUTTHROAT,1019,2.16,10/6/2020,40.0966287,-111.5706786
"SMITH L, NORTH",MORGAN,WIPER,202,4.57,9/22/2020,41.0576176,-111.6183755
SPRING CR,WASATCH,CUTTHROAT,50,6.0,6/15/2020,40.5742742,-111.489935
SPRING HILL P #2,SANPETE,BROOK TROUT,211,2.83,7/7/2020,39.3090085,-111.5706786
SUMMIT L GR-5,SUMMIT,GRAYLING ARCTIC,756,2.81,9/21/2020,40.8297566,-110.9983515
SWAN CR,RICH,CUTTHROAT,2353,2.98,9/15/2020,41.5629707,-111.1891151
WALL L U-99,DUCHESNE,GRAYLING ARCTIC,504,2.81,9/21/2020,40.2172448,-110.5215459
WANRHODES CR,UTAH,CUTTHROAT,518,2.15,10/8/2020,40.1051144,-111.4358314
WIGWAM L WR-54,DUCHESNE,BROOK TROUT,677,3.49,7/6/2020,40.2172448,-110.5215459
X- 85,DUCHESNE,BROOK TROUT,473,3.15,7/6/2020,40.2172448,-110.5215459
Y-20,DUCHESNE,BROOK TROUT,373,3.15,7/6/2020,40.2172448,-110.5215459
BARNARD CR,DAVIS,CUTTHROAT,1008,2.56,10/2/2019,40.9628845,-112.0953297
BEAR CR BEAVER POND,DAGGETT,TIGER TROUT,510,11.68,8/19/2019,40.9053845,-109.5211063
BENCH CR,WASATCH,CUTTHROAT,803,2.56,10/2/2019,40.3629418,-110.9983515
CIRCLE L BTS,GARFIELD,GRAYLING ARCTIC,500,2.29,9/24/2019,37.8400344,-111.2845025
CIRQUE L WR-33,DUCHESNE,GRAYLING ARCTIC,706,2.39,10/1/2019,40.2172448,-110.5215459
CLARK L NBS,WAYNE,GRAYLING ARCTIC,300,2.29,9/24/2019,38.3337024,-110.8076084
EAST CULVERT POND,SANPETE,BROOK TROUT,100,3.28,8/12/2019,39.3090085,-111.5706786
FOUR MILE CR,WEBER,RAINBOW,100,15.51,7/31/2019,41.2602635,-111.9522491
GR-119,SUMMIT,GRAYLING ARCTIC,323,2.39,10/1/2019,40.8297566,-110.9983515
GRAYLING L X-56,DUCHESNE,GRAYLING ARCTIC,853,2.39,10/1/2019,40.2172448,-110.5215459
GREEN R GOLF C PONDS,EMERY,RAINBOW,504,10.31,9/18/2019,39.0738385,-110.7122465
HOLMES CR,DAVIS,CUTTHROAT,1008,2.56,10/2/2019,40.9628845,-112.0953297
"HUNTINGTON CR, LF FK",EMERY,CUTTHROAT,1840,2.32,10/31/2019,39.3266354,-110.9646113
LAKE CR,WASATCH,CUTTHROAT,1008,2.56,10/2/2019,40.3629418,-110.9983515
LOWER CUTTHROAT POND,DUCHESNE,CUTTHROAT,150,2.56,10/21/2019,40.2172448,-110.5215459
MARSH L GR-39,UINTAH,BROOK TROUT,975,2.68,7/11/2019,40.1069499,-109.3783206
"MEEKS POND, UPPER TLM",SEVIER,CUTTHROAT,214,1.75,10/9/2019,38.7333524,-111.6660725
PRICE DAM,SUMMIT,RAINBOW,125,8.97,6/17/2019,40.8607798,-110.7604484
RICKS CR,DAVIS,CUTTHROAT,1008,2.56,10/2/2019,40.9628845,-112.0953297
ROCK II L X-97,DUCHESNE,GRAYLING ARCTIC,599,2.29,9/26/2019,40.2172448,-110.5215459
ROSE POND TLM,SEVIER,CUTTHROAT,161,1.75,10/9/2019,38.7333524,-111.6660725
SNAKE CR,WASATCH,CUTTHROAT,2011,2.35,9/26/2019,40.3629418,-110.9983515
STONE CR,DAVIS,CUTTHROAT,2017,2.56,10/2/2019,40.9628845,-112.0953297
THUNDER RIDGE POND,IRON,TIGER TROUT,1007,11.25,7/3/2019,37.7311693,-112.8255648
TOMAHAWK,SUMMIT,RAINBOW,125,8.97,6/17/2019,40.8297566,-110.9983515
"TROUT CR, MAIN FK",WASATCH,CUTTHROAT,25481,3.6,9/9/2019,40.2651275,-111.1041565
U-100,DUCHESNE,GRAYLING ARCTIC,323,2.39,10/1/2019,40.2172448,-110.5215459
UPPER CUTTHROAT POND,DUCHESNE,CUTTHROAT,150,2.56,10/21/2019,40.2172448,-110.5215459
VERLIE L U-41,DUCHESNE,BROOK TROUT,416,2.68,7/11/2019,40.2172448,-110.5215459
W-57,SUMMIT,BROOK TROUT,299,2.68,7/9/2019,40.8297566,-110.9983515
WEIR L A-50,SUMMIT,GRAYLING ARCTIC,999,2.29,9/26/2019,40.8297566,-110.9983515
WEST DEEP LAKE #1,SANPETE,BROOK TROUT,100,3.28,8/12/2019,39.3090085,-111.5706786
WEST DEEP LAKE #2,SANPETE,BROOK TROUT,100,3.28,8/12/2019,39.3090085,-111.5706786
WILLARD PEAK POND,BOX ELDER,CHANNEL CATFISH,2250,3.12,9/30/2019,41.4225875,-112.0581892
"WILLOW CREEK, LITTLE",SALT LAKE,CUTTHROAT,509,2.88,11/7/2019,40.5891151,-111.8104881
WINDSOR POND,SUMMIT,RAINBOW,125,8.97,6/17/2019,40.8297566,-110.9983515
BLUBBER CR,KANE,CUTTHROAT,80,7.71,12/31/2018,37.293251,-112.4291464
CASTLE CR,GARFIELD,TIGER TROUT,200,5.63,8/21/2018,37.8400344,-111.2845025
CRAIG L U-85,DUCHESNE,CUTTHROAT,354,1.74,10/12/2018,40.2172448,-110.5215459
CRANDALL CR,EMERY,CUTTHROAT,5600,2.73,10/31/2018,39.0738385,-110.7122465
GR- 21,DAGGETT,TIGER TROUT,386,2.35,7/10/2018,40.9053845,-109.5211063
GREEN MEADOW POND,DUCHESNE,CUTTHROAT,203,4.34,5/14/2018,40.2172448,-110.5215459
GUNLOCK RES,WASHINGTON,CRAPPIE BLACK,2000,2.92,7/23/2018,37.2613237,-113.7736952
"KANAB CR, UPPER",KANE,CUTTHROAT,106,7.71,10/13/2018,37.0474855,-112.5263145
"KAYS CR, N FK",DAVIS,CUTTHROAT,600,2.46,11/5/2018,40.9628845,-112.0953297
LAMB L GR-20,DAGGETT,TIGER TROUT,97,2.35,7/10/2018,40.9053845,-109.5211063
LITTLE HORSE CR,SANPETE,CUTTHROAT,4032,2.46,10/22/2018,39.3090085,-111.5706786
PAROWAN CR,IRON,CUTTHROAT,14895,2.07,9/13/2018,37.8421975,-112.8279996
PLEASANT CR,GARFIELD,RAINBOW,303,9.88,6/7/2018,37.8400344,-111.2845025
RATTLESNAKE RANCH POND,SAN JUAN,RAINBOW,2001,9.61,4/10/2018,38.2883245,-109.3050845
"ROCK L, LOWER WR-17",DUCHESNE,TIGER TROUT,1872,2.35,7/10/2018,40.2172448,-110.5215459
SCOUT POND,SANPETE,BROOK TROUT,30,2.92,7/18/2018,39.3090085,-111.5706786
SINGLETON CR,SANPETE,CUTTHROAT,5088,2.46,10/22/2018,39.3090085,-111.5706786
"BEAR R, E FK",SUMMIT,RAINBOW,300,10.6,7/5/2017,40.8297566,-110.9983515
BLACK HOLE,SANPETE,BROOK TROUT,103,3.16,8/8/2017,39.3090085,-111.5706786
CHARLIE SKINNER MEMORIAL,DAVIS,SUNFISH BLUEGILL,5000,2.88,10/19/2017,40.9628845,-112.0953297
CROUSE CR,DAGGETT,CUTTHROAT,1348,2.04,10/17/2017,40.9053845,-109.5211063
DONKEY POND,WAYNE,BROOK TROUT,63,3.16,8/10/2017,38.3337024,-110.8076084
ELKHORN L TLM,WAYNE,GRAYLING ARCTIC,100,2.79,9/18/2017,38.5038923,-111.5007564
GOOSE L NO 2 GR-43,UINTAH,BROOK TROUT,1953,2.53,7/9/2017,40.1069499,-109.3783206
PENNY NICKELL L U-98,DUCHESNE,CUTTHROAT,599,1.62,9/25/2017,40.2172448,-110.5215459
SESAME L GR-15,DAGGETT,BROOK TROUT,620,2.53,7/9/2017,40.9053845,-109.5211063
"THREE MILE CR, N FK",GARFIELD,CUTTHROAT,9966,2.11,9/25/2017,37.8653697,-112.5424374
"ABES POND, UPPER",SEVIER,CUTTHROAT,76,1.96,9/20/2016,38.7333524,-111.6660725
"ANSON L, UPPER GR-10",DAGGETT,TIGER TROUT,997,3.62,7/14/2016,40.9053845,-109.5211063
BIG SPRINGS POND,UTAH,CHUB,5000,1.63,6/20/2016,40.3330844,-111.5242338
BLUE RIBBON #3,SANPETE,BROOK TROUT,107,3.34,8/9/2016,39.3090085,-111.5706786
CANDY L GR-17,DAGGETT,TIGER TROUT,825,3.62,7/14/2016,40.9053845,-109.5211063
CUTLER RES,CACHE,CHANNEL CATFISH,19999,3.38,9/19/2016,41.7560026,-111.7614661
JOHNSON CR,BOX ELDER,SUCKER,107,5.21,11/2/2016,41.5380087,-113.1918021
LITTLE BEAR CR,SANPETE,CUTTHROAT,2058,2.13,10/18/2016,39.801062,-111.2506604
MONA SPR,JUAB,CHUB,53086,1.63,6/20/2016,39.8160656,-111.8554907
"NORTH CR, N FK",BEAVER,CUTTHROAT,452,2.48,10/4/2016,38.3266376,-113.287085
OFF SP,BOX ELDER,CHUB,200,1.77,8/2/2016,41.5380087,-113.1918021
"OTTER CR, MID BRANCH",RICH,CUTTHROAT,2867,2.9,10/20/2016,41.7618835,-111.2826728
"OTTER CR, S BRANCH",RICH,CUTTHROAT,2867,2.9,10/20/2016,41.7618835,-111.2826728
OTTER CREEK POND,RICH,RAINBOW,208,8.19,10/19/2016,41.7618835,-111.2826728
PENGUIN L GR-16,DAGGETT,TIGER TROUT,205,3.62,7/14/2016,40.9053845,-109.5211063
PINE CR-BULLION,PIUTE,CUTTHROAT,5047,2.21,10/4/2016,38.3997408,-112.1430215
SHINGLE CR,SEVIER,CUTTHROAT,5018,1.72,9/12/2016,38.7333524,-111.6660725
STOUT CYN,KANE,CUTTHROAT,17000,2.25,10/27/2016,37.3774824,-112.5913215
TIMBER CYN CR,DUCHESNE,CUTTHROAT,1005,2.0,10/5/2016,40.0799891,-110.8454591
WEST PARLEY'S,SANPETE,BROOK TROUT,114,3.34,8/9/2016,39.3090085,-111.5706786
WRIGLEY CR,SANPETE,CUTTHROAT,1011,2.08,10/12/2016,39.3090085,-111.5706786
ANDREWS HOLE,SANPETE,BROOK TROUT,111,2.99,8/11/2015,39.3090085,-111.5706786
COTTONWOOD CR,GARFIELD,CUTTHROAT,46,6.91,10/20/2015,37.8400344,-111.2845025
DAGGETT L GR-6,DAGGETT,GRAYLING ARCTIC,6003,2.4,8/25/2015,40.9053845,-109.5211063
DECKER L,SALT LAKE,RAINBOW,4937,2.75,6/4/2015,40.7106481,-111.9484492
E CANYON,GRAND,WIPER,1000,1.71,7/15/2015,39.3674964,-109.2370058
"EMERALD LAKE, EAST",SEVIER,GRAYLING ARCTIC,493,2.4,8/24/2015,38.7333524,-111.6660725
GUNLOCK TOWN POND,WAYNE,SUNFISH BLUEGILL,71,7.02,4/30/2015,38.3337024,-110.8076084
IVINS RES,WASHINGTON,SUNFISH BLUEGILL,64,7.31,6/22/2015,37.1685907,-113.6794057
JAIL POND,SALT LAKE,CHUB,4401,2.05,5/1/2015,40.644188,-111.9522491
KINGS PASTURE EBS,GARFIELD,TIGER TROUT,50,8.22,6/29/2015,38.0427627,-111.4512852
LOST CR,MORGAN,RAINBOW,500,10.0,7/22/2015,41.0576176,-111.6183755
MONA RES,JUAB,WIPER,30000,1.71,7/15/2015,39.8160656,-111.8554907
QUIETER POND,IRON,TIGER TROUT,60,6.05,10/5/2015,37.7854715,-113.1918021
SKUNK CREEK POND,GARFIELD,CUTTHROAT,100,6.91,10/20/2015,37.8400344,-111.2845025
Y-32,DUCHESNE,GRAYLING ARCTIC,406,2.4,8/25/2015,40.2172448,-110.5215459
ANDERSON L X-117,DUCHESNE,BROOK TROUT,581,2.43,7/2/2014,40.2172448,-110.5215459
ASHLEY CR (KIDS CAN),UINTAH,RAINBOW,368,3.01,5/20/2014,40.1069499,-109.3783206
ATWOOD L U-16,DUCHESNE,GOLDEN TROUT,600,1.53,9/24/2014,40.2172448,-110.5215459
BURCH CR,WEBER,RAINBOW,98,9.81,6/3/2014,41.1745756,-111.965497
CALF CR,GARFIELD,CUTTHROAT,136,1.85,9/10/2014,37.8400344,-111.2845025
CITY CR,SALT LAKE,CUTTHROAT,95,6.7,6/5/2014,40.644188,-111.9522491
CUTTHROAT L A-40,SUMMIT,TIGER TROUT,217,2.75,6/12/2014,40.8297566,-110.9983515
DEER CR-MITCHELL,GARFIELD,CUTTHROAT,2362,2.06,9/17/2014,38.0129517,-111.3769629
ECHO L Z-16,DUCHESNE,GOLDEN TROUT,6889,4.98,6/9/2014,40.2172448,-110.5215459
HEINER'S POND #1,SUMMIT,TIGER TROUT,4032,2.31,4/9/2014,40.8297566,-110.9983515
HEINER'S POND #2,SUMMIT,TIGER TROUT,252,2.31,4/9/2014,40.8297566,-110.9983515
HEINER'S POND #3,SUMMIT,TIGER TROUT,756,2.31,4/9/2014,40.8297566,-110.9983515
JOHNNY L,GARFIELD,CUTTHROAT,91,1.85,9/10/2014,37.8400344,-111.2845025
KYUNE RES,UTAH,CUTTHROAT,750,7.49,7/14/2014,39.86911509999999,-110.9443301
"LOGAN R, RT HAND FK",CACHE,CUTTHROAT,2042,2.03,9/17/2014,41.7369803,-111.8338359
NEILSONS GROVE POND,UTAH,BASS LARGEMOUTH,102,1.93,8/8/2014,40.2622492,-111.703255
"PINE CR POND,LWR BTN",WAYNE,CUTTHROAT,91,1.85,9/10/2014,38.4832505,-110.3289181
SAND CR,WAYNE,CUTTHROAT,105,5.96,9/30/2014,38.3337024,-110.8076084
SANPITCH R,SANPETE,CUTTHROAT,20052,1.87,9/10/2014,39.47680886331575,-111.5706790732737
SANTAQUIN RES,UTAH,RAINBOW,1002,9.21,5/7/2014,39.9566214,-111.7807659
"SHINGLE CR,LOWER P62",SUMMIT,TIGER TROUT,121,2.75,6/12/2014,40.8297566,-110.9983515
SPAWN CR,CACHE,CUTTHROAT,200,2.04,9/17/2014,41.7560026,-111.7614661
STEED CR,DAVIS,CUTTHROAT,1006,2.59,10/15/2014,41.1203779,-112.0433179
TEMPLE FK,CACHE,CUTTHROAT,900,2.03,9/17/2014,41.7560026,-111.7614661
WHITE R,UINTAH,CHUB,1025,9.52,5/27/2014,40.1069499,-109.3783206
CIRQUE L,DUCHESNE,GRAYLING ARCTIC,1020,3.22,10/7/2013,40.2172448,-110.5215459
D-45,DUCHESNE,TIGER TROUT,450,3.08,7/8/2013,40.2172448,-110.5215459
DANES POND,SANPETE,RAINBOW,641,11.31,4/3/2013,39.3090085,-111.5706786
GOSHEN CR,JUAB,RAINBOW,501,8.94,10/7/2013,39.8808646,-111.8903046
HOBBLE CR,UTAH,RAINBOW,630,9.53,4/1/2013,40.1513137,-111.585864
MORRISON CR,BOX ELDER,CUTTHROAT,40,4.35,11/29/2013,41.5380087,-113.1918021
MUD L GR-47,UINTAH,GRAYLING ARCTIC,420,3.22,10/7/2013,40.1069499,-109.3783206
STRAWBERRY RES TRIBS,WASATCH,CUTTHROAT,44800,2.54,7/22/2013,40.1718288,-111.1294996
WILDCAT CR,BOX ELDER,CUTTHROAT,31,4.35,9/10/2013,41.8050299,-113.0445172
Y-31,DUCHESNE,GRAYLING ARCTIC,396,3.22,10/7/2013,40.2172448,-110.5215459
BLUEBELL L X-110,DUCHESNE,BROOK TROUT,3298,2.3,7/10/2012,40.3594438,-110.2183786
CHAIN L NO 2 U-2,DUCHESNE,BROOK TROUT,1194,2.3,7/9/2012,40.2172448,-110.5215459
CHAIN L NO 3 U-1,DUCHESNE,BROOK TROUT,3125,2.3,7/9/2012,40.2172448,-110.5215459
DRY CR,SANPETE,CUTTHROAT,3030,2.42,9/24/2012,39.3090085,-111.5706786
G- 51,SUMMIT,BROOK TROUT,849,2.68,8/6/2012,40.8297566,-110.9983515
GR- 31,DAGGETT,BROOK TROUT,499,2.3,7/9/2012,40.9053845,-109.5211063
GR-129,SUMMIT,BROOK TROUT,493,2.68,8/6/2012,40.8297566,-110.9983515
GUNNISON RES,SANPETE,RAINBOW,21113,3.54,2/29/2012,39.1552391,-111.8182582
HILL CR,UINTAH,RAINBOW,1993,7.78,9/4/2012,40.1069499,-109.3783206
KIMBALL CR,SUMMIT,TIGER TROUT,3045,2.74,5/30/2012,40.8297566,-110.9983515
MT EMMONS L U-13,DUCHESNE,GOLDEN TROUT,996,1.3,9/24/2012,40.3477319,-110.2751567
SPARKS SP,BOX ELDER,CHUB,1998,1.7,9/4/2012,41.5380087,-113.1918021
UTAH STATE UNIV LAB,CACHE,CUTTHROAT,130,8.51,5/10/2012,41.745161,-111.8097425
W-53,SUMMIT,BROOK TROUT,109,2.3,6/25/2012,40.8297566,-110.9983515
"WHITE R, LEFT FK",WASATCH,CUTTHROAT,252,7.38,8/13/2012,40.3629418,-110.9983515
"WHITE R, MIDDLE FK",WASATCH,CUTTHROAT,252,7.38,8/13/2012,39.9581252,-111.0735342
"WHITE R, RT FK",WASATCH,CUTTHROAT,1503,7.38,8/13/2012,40.3629418,-110.9983515
CLAY BASIN,DUCHESNE,RAINBOW,18216,1.82,7/11/2011,40.4124524,-110.2423801
GARDEN CREEK POND,DAVIS,CHUB,1001,2.2,10/26/2011,40.9628845,-112.0953297
GULF POND,DUCHESNE,RAINBOW,2277,1.82,7/11/2011,40.2172448,-110.5215459
LAKE FORK POND,DUCHESNE,RAINBOW,2277,1.82,7/11/2011,40.2780123,-110.2182098
TOTEM LAKE,DUCHESNE,RAINBOW,251,10.96,9/26/2011,40.2172448,-110.5215459
WARDS CACHE POND,BEAVER,CUTTHROAT,333,1.62,9/12/2011,38.2149736,-112.4263213
ATHERLY RES,TOOELE,CHUB,2808,4.02,9/8/2010,40.507092,-113.0011989
BIG SPRING CR,RICH,CUTTHROAT,14986,3.38,11/2/2010,41.3967127,-111.4419785
BROKEN ARROW CR (FARM CR,DUCHESNE,CUTTHROAT,2004,6.14,6/23/2010,40.2172448,-110.5215459
CENTER CR,GARFIELD,CUTTHROAT,622,2.09,9/22/2010,37.8400344,-111.2845025
CHAMBERS SP,CACHE,CHUB,900,4.02,9/8/2010,41.7560026,-111.7614661
LAVERKIN CR,WASHINGTON,WOUNDFIN MINNOW,1870,2.0,3/11/2010,37.0608148,-113.6007589
MEADOW CR,GRAND,CUTTHROAT,990,2.08,9/29/2010,39.0857902,-109.7591675
MONROE CR,SEVIER,RAINBOW,250,10.33,7/8/2010,38.6299724,-112.1207573
PIOCHE CR,UINTAH,CUTTHROAT,990,2.08,9/29/2010,40.1069499,-109.3783206
"PROVO R, UPPER, N FK",SUMMIT,RAINBOW,125,10.44,6/29/2010,40.8297566,-110.9983515
SHE CYN CR,GRAND,CUTTHROAT,1500,2.08,9/29/2010,39.3252446,-109.6370762
STOKES NATURE CENTER PON,CACHE,CHUB,900,4.02,9/8/2010,41.7419348,-111.7684633
WILKINSON RES,MORGAN,RAINBOW,2004,10.14,5/5/2010,41.0576176,-111.6183755
"WILLOW CR, WEST",GRAND,CUTTHROAT,2460,2.08,9/29/2010,39.0857902,-109.7591675
HARDY L,UTAH,GRAYLING ARCTIC,4031,1.4,8/3/2009,40.0966287,-111.5706786
OGDEN R L FK MID,WEBER,RAINBOW,349,10.68,8/12/2009,41.223,-111.9738304
RC- 1,DUCHESNE,CUTTHROAT,1274,1.43,9/16/2009,40.2172448,-110.5215459
STRAIGHT CYN CR,EMERY,BROWN TROUT,2512,4.11,6/16/2009,39.2752437,-111.1748928
W LOCOMOTIVE SP,BOX ELDER,RAINBOW,324,9.05,9/29/2009,41.5380087,-113.1918021
BIRCH CR POND,RICH,RAINBOW,1202,9.28,5/19/2008,41.5629707,-111.1891151
CLUSTER SPRING,BOX ELDER,CHUB,200,1.77,4/18/2008,41.5380087,-113.1918021
DEEP CR,GARFIELD,CUTTHROAT,82,5.0,8/19/2008,37.8400344,-111.2845025
DF-10,UINTAH,CUTTHROAT,1002,1.42,9/24/2008,40.1069499,-109.3783206
MEEKS L BTS,GARFIELD,RAINBOW,1522,2.97,7/7/2008,37.8400344,-111.2845025
NORTH FIELD RES,SANPETE,RAINBOW,750,9.36,5/14/2008,39.3090085,-111.5706786
"OGDEN R, S FK",WEBER,TIGER TROUT,9900,2.12,4/3/2008,41.223,-111.9738304
PILOT SPRING SE,BOX ELDER,CHUB,700,1.77,4/18/2008,41.9429747,-113.0486002
PIPPEN L U-9,DUCHESNE,CUTTHROAT,496,1.42,9/24/2008,40.2172448,-110.5215459
DAYBREAK LAKE,SALT LAKE,RAINBOW,385,16.56,3/23/2007,40.549725,-112.0025517
DEATH CR RES,BOX ELDER,RAINBOW,510,9.93,5/30/2007,41.5380087,-113.1918021
DEVIL CR,BEAVER,CUTTHROAT,999,1.51,9/20/2007,38.3266376,-113.287085
FOUNTAIN GREEN POND,SANPETE,RAINBOW,198,9.86,5/16/2007,39.6299598,-111.635199
"HUNT CR, E FK",GARFIELD,CUTTHROAT,500,2.46,10/25/2007,37.8400344,-111.2845025
"HUNT CR, W FK",GARFIELD,CUTTHROAT,500,2.46,10/25/2007,37.8400344,-111.2845025
KREBS CR,DUCHESNE,CUTTHROAT,6002,2.22,9/18/2007,40.2172448,-110.5215459
LOWEST WPA,SANPETE,BROOK TROUT,500,3.9,6/27/2007,39.3090085,-111.5706786
SKUNK CR,GARFIELD,CUTTHROAT,500,2.46,10/25/2007,37.8400344,-111.2845025
"ASH CR, SOUTH",WASHINGTON,CUTTHROAT,77,2.81,10/17/2006,40.7606608,-111.8939487
HARMAN CR,WASHINGTON,CUTTHROAT,50,5.93,9/29/2006,37.3224877,-113.4776098
LAKETOWN CYN,RICH,RAINBOW,324,10.14,5/31/2006,41.7195382,-111.3899472
LEAP CR,WASHINGTON,CUTTHROAT,150,2.92,10/3/2006,37.3985499,-113.3385193
PINCHOT TRAIL #1,SANPETE,BROOK TROUT,150,3.22,8/7/2006,39.3090085,-111.5706786
WATER CYN,WASHINGTON,CUTTHROAT,48,2.92,10/25/2006,37.0049873,-112.9685846
WEBER JOB CORP P,DAVIS,RAINBOW,2161,6.64,6/1/2006,41.1317979,-111.8997489
"ASHLEY CR, N FK",UINTAH,RAINBOW,780,9.87,6/27/2005,40.1069499,-109.3783206
BEAR SPRINGS P,CARBON,TIGER TROUT,228,4.43,8/26/2005,39.6479807,-110.6168921
BLANEY RES,BEAVER,RAINBOW,197,10.0,6/25/2005,38.3266376,-113.287085
CLINTON POND CR,DAVIS,CHANNEL CATFISH,375,14.94,7/18/2005,41.1506649,-112.0793081
DOLLAR L WR-43,UINTAH,BROOK TROUT,697,2.65,7/15/2005,40.1069499,-109.3783206
DOUDY POND,BOX ELDER,CUTTHROAT,8,7.94,6/30/2005,41.5380087,-113.1918021
"ELKHORN L, SOUTH",WAYNE,BROOK TROUT,98,3.04,8/2/2005,38.5038923,-111.5007564
ISLAND L,SANPETE,BROOK TROUT,1181,3.12,8/4/2005,39.3090085,-111.5706786
MEER L,BEAVER,RAINBOW,197,10.0,6/25/2005,38.3266376,-113.287085
MILL CYN,WASHINGTON,CUTTHROAT,59,7.09,11/17/2005,37.3224877,-113.4776098
"OGDEN R, N. FK",WEBER,RAINBOW,156,10.14,5/24/2005,41.223,-111.9738304
OTTER L,BEAVER,RAINBOW,586,10.0,6/25/2005,38.3266376,-113.287085
PAITS PUDDLE,SANPETE,BROOK TROUT,115,3.12,8/4/2005,39.3090085,-111.5706786
PERRYS POND TLM,WAYNE,BROOK TROUT,98,3.04,8/2/2005,38.3337024,-110.8076084
PROVIDENCE CR,CACHE,BROWN TROUT,1007,5.17,7/13/2005,41.7063204,-111.817165
"SAND COVE RES, LOWER",WASHINGTON,BASS LARGEMOUTH,401,3.67,3/22/2005,37.3011604,-113.6974571
SANTA CLARA R,WASHINGTON,BROWN TROUT,3015,5.16,6/22/2005,37.1330355,-113.6541266
"TWIN L, LOWER",GARFIELD,CUTTHROAT,998,1.79,10/5/2005,37.8400344,-111.2845025
"TWIN L, UPPER",GARFIELD,CUTTHROAT,998,1.79,10/5/2005,37.8400344,-111.2845025
WHITE LEDGE BEAVER P,SANPETE,BROOK TROUT,204,3.12,8/4/2005,39.3469074,-111.4696329
SOUTH WILLOW CR,TOOELE,RAINBOW,501,9.75,6/10/2004,40.5167597,-112.5141554
WHITE MOUNTAIN POND,SEVIER,BROOK TROUT,105,2.45,7/22/2004,38.7333524,-111.6660725
BIG SLOUGH,BEAVER,BROWN TROUT,2523,3.41,6/23/2003,38.3266376,-113.287085
ELDER POND,UINTAH,RAINBOW,60,20.27,10/7/2003,40.1069499,-109.3783206
GATES CR,SEVIER,CUTTHROAT,3002,1.81,10/15/2003,38.7333524,-111.6660725
GILBERT CR,SUMMIT,CUTTHROAT,258,5.23,7/22/2003,40.8297566,-110.9983515
OURAY L X-112,DUCHESNE,CUTTHROAT,208,1.76,10/3/2003,40.2172448,-110.5215459
PINTO CR,WASHINGTON,RAINBOW,221,5.27,6/5/2003,37.3224877,-113.4776098
ROCK CLIFF ST PARK,WASATCH,RAINBOW,58,9.52,6/13/2003,40.6050256,-111.3402397
"TOWA P, MIDDLE",WASHINGTON,RAINBOW ALBINO,63,18.12,1/27/2003,37.3224877,-113.4776098
TWITCHELL CR,GARFIELD,CUTTHROAT,498,1.68,10/15/2003,37.8400344,-111.2845025
TWOROOSE L X-36,DUCHESNE,CUTTHROAT,1092,1.76,10/3/2003,40.2172448,-110.5215459
WASATCH FNT URBAN F,SALT LAKE,RAINBOW,998,9.5,5/13/2003,40.644188,-111.9522491
X- 75,DUCHESNE,CUTTHROAT,208,1.76,10/3/2003,40.2172448,-110.5215459
12 SECRET,SANPETE,BROOK TROUT,178,3.04,7/17/2002,39.3090085,-111.5706786
BOB BISHOP CYN CR,CARBON,CUTTHROAT,31,7.07,11/1/2002,39.6038536,-111.0282224
DEAD HORSE BT,WAYNE,RAINBOW,502,10.1,6/21/2002,38.3337024,-110.8076084
DRAPER POND,SALT LAKE,RAINBOW,500,9.53,4/3/2002,40.5246711,-111.8638226
GEORGE BEARD L U-21,DUCHESNE,BROOK TROUT,746,2.34,6/27/2002,40.2172448,-110.5215459
GEYSER SPRING P,SAN JUAN,CUTTHROAT,98,5.5,5/30/2002,37.9744487,-109.2274035
JUMP CR PONDS,SEVIER,BROOK TROUT,108,2.86,7/23/2002,38.7333524,-111.6660725
NEW FLD FDR BEAVER L,SANPETE,BROOK TROUT,178,3.04,7/17/2002,39.3090085,-111.5706786
S FK 12 CRK POND,SANPETE,BROOK TROUT,356,3.04,7/17/2002,39.3090085,-111.5706786
TEN MILE CR,PIUTE,CUTTHROAT,248,9.95,7/1/2002,38.3575735,-112.2093423
"TROUT CR, W FK",WASATCH,CUTTHROAT,53952,1.57,7/9/2002,40.2651275,-111.1041565
UPPER BLUE MEADOW 1,SANPETE,BROOK TROUT,178,3.04,7/17/2002,39.3090085,-111.5706786
UPPER BLUE MEADOW 2,SANPETE,BROOK TROUT,178,3.04,7/17/2002,39.3090085,-111.5706786
UPPER BLUE MEADOW 3,SANPETE,BROOK TROUT,178,3.04,7/17/2002,39.3090085,-111.5706786
"W CROSS CYN P, LOWER",SAN JUAN,BASS LARGEMOUTH,48,9.12,4/25/2002,38.1122083,-109.9670731
WAHWEAP PONDS,KANE,RAINBOW,2790,2.53,1/22/2002,37.002385,-111.5052275
WHITE MTN WEST POND,SEVIER,BROOK TROUT,249,2.86,7/23/2002,38.7333524,-111.6660725
"WOODS L, SOUTH",SANPETE,BROOK TROUT,267,3.04,7/17/2002,39.3090085,-111.5706786
